Date,Name,Year,Letterboxd URI,Rating,Rewatch,Tags,Watched Date
2023-12-11,The Burnt Orange Heresy,2019,https://boxd.it/5iPcCF,,,,2021-06-20
2023-12-11,Belle de Jour,1967,https://boxd.it/5iPcC1,5,,,2021-06-21
2023-12-11,Band of Outsiders,1964,https://boxd.it/5iPcCb,5,,,2021-06-21
2023-12-11,The Aviator,2004,https://boxd.it/5iPcCl,,,,2021-06-21
2023-12-11,Autumn Sonata,1978,https://boxd.it/5iPcCv,5,,,2021-06-21
2023-12-11,World War Z,2013,https://boxd.it/5iPcBR,,,,2021-06-25
2023-12-11,Upstream Color,2013,https://boxd.it/5iPcBx,4,,,2021-06-26
2023-12-11,Primer,2004,https://boxd.it/5iPcBH,5,,,2021-06-26
2023-12-11,Knives Out,2019,https://boxd.it/5iPcBd,3.5,,,2021-06-27
2023-12-11,Anna Karenina,2012,https://boxd.it/5iPcBn,4,,,2021-06-27
2023-12-11,The Young Girls of Rochefort,1967,https://boxd.it/5iPcw3,5,,,2021-07-03
2023-12-11,The Wolf of Wall Street,2013,https://boxd.it/5iPcwd,,,,2021-07-03
2023-12-11,The Wizard of Lies,2017,https://boxd.it/5iPcwn,,,,2021-07-03
2023-12-11,Wild Tales,2014,https://boxd.it/5iPcwx,4.5,,,2021-07-03
2023-12-11,The Witch,2015,https://boxd.it/5iPcwH,5,,,2021-07-03
2023-12-11,We Need to Talk About Kevin,2011,https://boxd.it/5iPcwR,5,,,2021-07-03
2023-12-11,Viridiana,1961,https://boxd.it/5iPcx1,5,,,2021-07-03
2023-12-11,The Virgin Suicides,1999,https://boxd.it/5iPcxb,,,,2021-07-03
2023-12-11,The Virgin Spring,1960,https://boxd.it/5iPcxl,4,,,2021-07-03
2023-12-11,The Tree of Life,2011,https://boxd.it/5iPcxv,4,,,2021-07-03
2023-12-11,Stalker,1979,https://boxd.it/5iPcxP,5,,,2021-07-03
2023-12-11,Snatch,2000,https://boxd.it/5iPcxZ,5,,,2021-07-03
2023-12-11,Shame,1968,https://boxd.it/5iPczL,5,,,2021-07-03
2023-12-11,Margin Call,2011,https://boxd.it/5iPczV,,,,2021-07-03
2023-12-11,The Maltese Falcon,1941,https://boxd.it/5iPcA5,,,,2021-07-03
2023-12-11,The Great Beauty,2013,https://boxd.it/5iPcAf,5,,,2021-07-03
2023-12-11,Elysium,2013,https://boxd.it/5iPcAp,3,,,2021-07-03
2023-12-11,Cul-de-sac,1966,https://boxd.it/5iPcAJ,5,,,2021-07-03
2023-12-11,Come and See,1985,https://boxd.it/5iPcAT,5,,,2021-07-03
2023-12-11,Cries and Whispers,1972,https://boxd.it/5iPcB3,4.5,,,2021-07-03
2023-12-11,300,2006,https://boxd.it/5iPcq5,,,,2021-07-04
2023-12-11,Get Out,2017,https://boxd.it/5iPcqf,4,,,2021-07-04
2023-12-11,Herbie Fully Loaded,2005,https://boxd.it/5iPcqp,4,,,2021-07-04
2023-12-11,Joker,2019,https://boxd.it/5iPcqz,4,,,2021-07-04
2023-12-11,Adventureland,2009,https://boxd.it/5iPcqJ,4,,,2021-07-04
2023-12-11,That Obscure Object of Desire,1977,https://boxd.it/5iPcqT,5,,,2021-07-04
2023-12-11,The Discreet Charm of the Bourgeoisie,1972,https://boxd.it/5iPcr3,5,,,2021-07-04
2023-12-11,Zero Dark Thirty,2012,https://boxd.it/5iPcrn,,,,2021-07-04
2023-12-11,Rogue One: A Star Wars Story,2016,https://boxd.it/5iPcrx,4,,,2021-07-04
2023-12-11,The Imitation Game,2014,https://boxd.it/5iPcrH,4,,,2021-07-04
2023-12-11,1917,2019,https://boxd.it/5iPctX,4,,,2021-07-04
2023-12-11,A Walk to Remember,2002,https://boxd.it/5iPcu7,3,,,2021-07-04
2023-12-11,Whiplash,2014,https://boxd.it/5iPcuh,5,,,2021-07-04
2023-12-11,War of the Worlds,2005,https://boxd.it/5iPcur,4,,,2021-07-04
2023-12-11,V for Vendetta,2005,https://boxd.it/5iPcuB,4,,,2021-07-04
2023-12-11,There Will Be Blood,2007,https://boxd.it/5iPcuL,5,,,2021-07-04
2023-12-11,Blade Runner 2049,2017,https://boxd.it/5iPcuV,5,,,2021-07-04
2023-12-11,Au Revoir les Enfants,1987,https://boxd.it/5iPcv5,4,,,2021-07-04
2023-12-11,All That Jazz,1979,https://boxd.it/5iPcvf,5,,,2021-07-04
2023-12-11,Bombshell,2019,https://boxd.it/5iPcvp,3,,,2021-07-04
2023-12-11,The Favourite,2018,https://boxd.it/5iPcvz,5,,,2021-07-04
2023-12-11,Mirror,1975,https://boxd.it/5iPcvJ,5,,,2021-07-04
2023-12-11,Andrei Rublev,1966,https://boxd.it/5iPcvT,5,,,2021-07-04
2023-12-11,Greenland,2020,https://boxd.it/5iPcpV,3.5,,,2021-07-07
2023-12-11,The Place Beyond the Pines,2012,https://boxd.it/5iPcpL,5,,,2021-07-17
2023-12-11,Riders of Justice,2020,https://boxd.it/5iPcpr,,,,2021-08-08
2023-12-11,Pig,2021,https://boxd.it/5iPcph,4,,,2021-08-14
2023-12-11,Dark Waters,2019,https://boxd.it/5iPcoN,3.5,,,2021-08-21
2023-12-11,Logan,2017,https://boxd.it/5iPcoX,4,,,2021-08-21
2023-12-11,Youth,2015,https://boxd.it/5iPcp7,5,,,2021-08-21
2023-12-11,The Invisible Man,2020,https://boxd.it/5iPcoD,,,,2021-08-22
2023-12-11,Supernova,2020,https://boxd.it/5iPcot,,,,2021-09-19
2023-12-11,Perfume: The Story of a Murderer,2006,https://boxd.it/5iPcoj,5,,,2021-09-22
2023-12-11,The House That Jack Built,2018,https://boxd.it/5iPco9,4,,,2021-12-12
2023-12-11,Cinema Paradiso,1988,https://boxd.it/5iPcmd,4.5,,,2022-01-22
2023-12-11,The Shawshank Redemption,1994,https://boxd.it/5iPcmn,,,,2022-01-22
2023-12-11,Cruella,2021,https://boxd.it/5iPcmx,3,,,2022-01-22
2023-12-11,City of God,2002,https://boxd.it/5iPcmH,4.5,,,2022-01-22
2023-12-11,Fight Club,1999,https://boxd.it/5iPcnv,,,,2022-01-22
2023-12-11,10 Cloverfield Lane,2016,https://boxd.it/5iPcnF,4,,,2022-01-22
2023-12-11,The Perks of Being a Wallflower,2012,https://boxd.it/5iPcnP,4,,,2022-01-22
2023-12-11,The Secret Garden,1993,https://boxd.it/5iPcm3,,,,2022-01-24
2023-12-11,Do You Trust this Computer?,2018,https://boxd.it/5iPclJ,3.5,,,2022-02-10
2023-12-11,Synchronic,2019,https://boxd.it/5iPclT,3,,,2022-02-10
2023-12-11,The Social Dilemma,2020,https://boxd.it/5iPclz,,,,2022-02-14
2023-12-11,Nightmare Alley,2021,https://boxd.it/5iPclf,4,,,2022-02-15
2023-12-11,The Killing of a Sacred Deer,2017,https://boxd.it/5iPckV,3.5,,,2022-02-16
2023-12-11,Titane,2021,https://boxd.it/5iPckL,4,,,2022-02-17
2023-12-11,Possessor,2020,https://boxd.it/5iPckB,4.5,,,2022-02-20
2023-12-11,Minor Premise,2020,https://boxd.it/5iPckr,3.5,,,2022-02-21
2023-12-11,Green Room,2015,https://boxd.it/5iPcjX,3.5,,,2022-02-23
2023-12-11,A Dark Song,2016,https://boxd.it/5iPckh,4.5,,,2022-02-23
2023-12-11,Saint Maud,2019,https://boxd.it/5iPcjN,3.5,,,2022-03-02
2023-12-11,Violation,2020,https://boxd.it/5iPcjt,3,,,2022-03-09
2023-12-11,Train to Busan,2016,https://boxd.it/5iPcjD,2,,,2022-03-09
2023-12-11,The Death of Stalin,2017,https://boxd.it/5iPcjj,,,,2022-03-10
2023-12-11,Land,2021,https://boxd.it/5iPciZ,3.5,,,2022-03-11
2023-12-11,Kill List,2011,https://boxd.it/5iPcj9,3.5,,,2022-03-11
2023-12-11,Hellbender,2021,https://boxd.it/5iPciP,3,,,2022-03-14
2023-12-11,Fresh,2022,https://boxd.it/5iPciF,4,,,2022-03-16
2023-12-11,Bone Tomahawk,2015,https://boxd.it/5iPciv,4.5,,,2022-03-17
2023-12-11,Southbound,2015,https://boxd.it/5iPcil,3,,,2022-03-18
2022-03-22,Nightmare Alley,2021,https://boxd.it/2GCrvl,3.5,,,2022-03-21
2023-12-11,In the Earth,2021,https://boxd.it/5iPchx,4,,,2022-03-21
2023-12-11,The Ritual,2017,https://boxd.it/5iPchn,2.5,,,2022-03-22
2023-12-11,The Endless,2017,https://boxd.it/5iPchd,4,,,2022-03-23
2023-12-11,The Last Duel,2021,https://boxd.it/5iPcgf,4,,,2022-03-26
2023-12-11,Harpoon,2019,https://boxd.it/5iPcgp,,,,2022-03-26
2023-12-11,All These Sleepless Nights,2016,https://boxd.it/5iPcgz,4.5,,,2022-03-26
2023-12-11,Hounds of Love,2016,https://boxd.it/5iPcgJ,4,,,2022-03-26
2023-12-11,She Dies Tomorrow,2020,https://boxd.it/5iPcfh,2,,,2022-03-27
2023-12-11,Tenet,2020,https://boxd.it/5iPcfr,4,,,2022-03-27
2023-12-11,I Care a Lot,2020,https://boxd.it/5iPcfB,2.5,,,2022-03-27
2023-12-11,The Marksman,2021,https://boxd.it/5iPcfL,1.5,,,2022-03-27
2023-12-11,Wrath of Man,2021,https://boxd.it/5iPcfV,,,,2022-03-27
2023-12-11,Baskin,2015,https://boxd.it/5iPcg5,2,,,2022-03-27
2023-12-11,Lapsis,2020,https://boxd.it/5iPcf7,3.5,,,2022-03-28
2023-12-11,Relic,2020,https://boxd.it/5iPceX,4,,,2022-03-29
2023-12-11,Tucker and Dale vs. Evil,2010,https://boxd.it/5iPceD,3,,,2022-03-30
2023-12-11,Starry Eyes,2014,https://boxd.it/5iPceN,4,,,2022-03-30
2023-12-11,Warning,2021,https://boxd.it/5iPcej,4,,,2022-03-31
2023-12-11,The Harder They Fall,2021,https://boxd.it/5iPcet,4,,,2022-03-31
2023-12-11,It Comes at Night,2017,https://boxd.it/5iPce9,4,,,2022-04-03
2023-12-11,Color Out of Space,2019,https://boxd.it/5iPcdZ,4.5,,,2022-04-04
2023-12-11,Moonfall,2022,https://boxd.it/5iPcdF,0.5,,,2022-04-06
2023-12-11,Snowtown,2011,https://boxd.it/5iPcdl,3,,,2022-04-08
2023-12-11,Blood Red Sky,2021,https://boxd.it/5iPcdb,2.5,,,2022-04-09
2023-12-11,The Abyss,1989,https://boxd.it/5iPcc3,,,,2022-04-10
2023-12-11,X,2022,https://boxd.it/5iPcbT,3.5,,,2022-05-03
2023-12-11,Twin Peaks: Fire Walk with Me,1992,https://boxd.it/5iPcbJ,4.5,,,2022-05-15
2023-12-11,The Adam Project,2022,https://boxd.it/5iPcbz,2,,,2022-05-29
2023-12-11,Time Share,2018,https://boxd.it/5iPcbp,3,,,2022-05-31
2023-12-11,Coherence,2013,https://boxd.it/5iPcaL,4,,,2022-06-05
2023-12-11,Pan's Labyrinth,2006,https://boxd.it/5iPcaV,,,,2022-06-05
2023-12-11,Annihilation,2018,https://boxd.it/5iPcb5,4.5,,,2022-06-05
2023-12-11,New Order,2020,https://boxd.it/5iPcbf,,,,2022-06-05
2023-12-11,The Square,2017,https://boxd.it/5iPcaB,5,,,2022-08-19
2023-12-11,Everything Everywhere All at Once,2022,https://boxd.it/5iPcar,3,,,2022-08-20
2023-12-11,Anima,2019,https://boxd.it/5iPcah,5,,,2022-08-21
2023-12-11,Daniel Isn't Real,2019,https://boxd.it/5iPca7,4.5,,,2022-09-14
2023-12-11,Dune,2021,https://boxd.it/5iPc9X,5,,,2022-11-06
2023-12-11,Mosul,2019,https://boxd.it/5iPc9N,3.5,,,2023-05-20
2023-12-11,Infinity Pool,2023,https://boxd.it/5iPc8Z,4.5,,,2023-11-24
2023-12-11,Inglourious Basterds,2009,https://boxd.it/5iPc99,5,,,2023-11-24
2023-12-11,Loro,2018,https://boxd.it/5iPc9j,3,,,2023-11-24
2023-12-11,American Beauty,1999,https://boxd.it/5iPc9D,4.5,,,2023-11-24
2023-12-11,Come True,2020,https://boxd.it/5iPc8F,4,,,2023-11-26
2023-12-11,Barbarian,2022,https://boxd.it/5iPc8P,3,,,2023-11-26
2023-12-11,The Dark Knight Rises,2012,https://boxd.it/5iPc23,,,,2023-11-27
2023-12-11,Inception,2010,https://boxd.it/5iPc2d,,,,2023-11-27
2023-12-11,Dunkirk,2017,https://boxd.it/5iPc2H,4.5,,,2023-11-27
2023-12-11,Donnie Darko,2001,https://boxd.it/5iPc2R,5,,,2023-11-27
2023-12-11,Django Unchained,2012,https://boxd.it/5iPc31,4.5,,,2023-11-27
2023-12-11,Disturbia,2007,https://boxd.it/5iPc3b,3.5,,,2023-11-27
2023-12-11,Dirty Dancing,1987,https://boxd.it/5iPc3l,4,,,2023-11-27
2023-12-11,Deepwater Horizon,2016,https://boxd.it/5iPc3v,3.5,,,2023-11-27
2023-12-11,Dazed and Confused,1993,https://boxd.it/5iPc3F,4.5,,,2023-11-27
2023-12-11,The Darjeeling Limited,2007,https://boxd.it/5iPc3P,2.5,,,2023-11-27
2023-12-11,Blood Diamond,2006,https://boxd.it/5iPc3Z,4,,,2023-11-27
2023-12-11,Black Widow,2021,https://boxd.it/5iPc49,3.5,,,2023-11-27
2023-12-11,Black Mass,2015,https://boxd.it/5iPc4j,2.5,,,2023-11-27
2023-12-11,Being John Malkovich,1999,https://boxd.it/5iPc4t,4.5,,,2023-11-27
2023-12-11,The Babadook,2014,https://boxd.it/5iPc4D,4,,,2023-11-27
2023-12-11,Arrival,2016,https://boxd.it/5iPc4N,4.5,,,2023-11-27
2023-12-11,The Night House,2020,https://boxd.it/5iPc4X,3.5,,,2023-11-27
2023-12-11,Amulet,2020,https://boxd.it/5iPc57,3,,,2023-11-27
2023-12-11,American Sniper,2014,https://boxd.it/5iPc5h,4.5,,,2023-11-27
2023-12-11,After Lucia,2012,https://boxd.it/5iPc5r,3.5,,,2023-11-27
2023-12-11,Here Before,2021,https://boxd.it/5iPc5B,3,,,2023-11-27
2023-12-11,Nocturnal Animals,2016,https://boxd.it/5iPc5L,4,,,2023-11-27
2023-12-11,Birdman or (The Unexpected Virtue of Ignorance),2014,https://boxd.it/5iPc5V,4.5,,,2023-11-27
2023-12-11,Harry Potter and the Deathly Hallows: Part 1,2010,https://boxd.it/5iPc8b,3.5,,,2023-11-27
2023-12-11,Mandy,2018,https://boxd.it/5iPc8l,4.5,,,2023-11-27
2023-12-11,Pineapple Express,2008,https://boxd.it/5iPc8v,3.5,,,2023-11-27
2023-12-11,The Innocents,2021,https://boxd.it/5iPc1T,4,,,2023-11-28
2023-12-11,Watcher,2022,https://boxd.it/5iPc1J,4,,,2023-11-30
2023-12-11,The Outwaters,2022,https://boxd.it/5iPc0B,4,,,2023-12-02
2023-12-11,Suspiria,2018,https://boxd.it/5iPbYZ,4.5,,,2023-12-03
2023-12-11,Blue Velvet,1986,https://boxd.it/5iPbZj,4,,,2023-12-03
2023-12-11,Emma.,2020,https://boxd.it/5iPbZD,3,,,2023-12-03
2023-12-11,The Cabin in the Woods,2011,https://boxd.it/5iPbZN,3.5,,,2023-12-03
2023-12-11,Martyrs,2008,https://boxd.it/5iPbZX,4,,,2023-12-03
2023-12-11,Another Round,2020,https://boxd.it/5iPc07,3.5,,,2023-12-03
2023-12-11,Gattaca,1997,https://boxd.it/5iPc0h,4,,,2023-12-03
2023-12-11,When Evil Lurks,2023,https://boxd.it/5iPbYP,2,,,2023-12-05
2023-12-11,You Won't Be Alone,2022,https://boxd.it/5iPbYF,5,,,2023-12-06
2023-12-11,A Wounded Fawn,2022,https://boxd.it/5iPbW5,3,,,2023-12-07
2023-12-11,Ex Machina,2015,https://boxd.it/5iPbWf,4,,,2023-12-07
2023-12-11,Oppenheimer,2023,https://boxd.it/5iPbWp,4.5,,,2023-12-07
2023-12-11,Next Floor,2008,https://boxd.it/5iPbWz,4,,,2023-12-07
2023-12-11,Inside Out,2015,https://boxd.it/5iPbWJ,3,,,2023-12-07
2023-12-11,The Aristocats,1970,https://boxd.it/5iPbWT,3.5,,,2023-12-07
2023-12-11,Hellboy,2004,https://boxd.it/5iPbX3,4,,,2023-12-07
2023-12-11,Sicario,2015,https://boxd.it/5iPbXn,4.5,,,2023-12-07
2023-12-11,Death on the Nile,2022,https://boxd.it/5iPbXx,2.5,,,2023-12-07
2023-12-11,Trainspotting,1996,https://boxd.it/5iPbXH,5,,,2023-12-07
2023-12-11,Eastern Promises,2007,https://boxd.it/5iPbXR,4,,,2023-12-07
2023-12-11,Slumdog Millionaire,2008,https://boxd.it/5iPbYb,4,,,2023-12-07
2023-12-11,Trance,2013,https://boxd.it/5iPbYv,4,,,2023-12-07
2023-12-11,Beau Is Afraid,2023,https://boxd.it/5iPbVL,4,,,2023-12-09
2023-12-11,The Lighthouse,2019,https://boxd.it/5iPbVV,5,,,2023-12-09
2023-12-22,Fried Barry,2020,https://boxd.it/5mTf8n,3.5,,,2023-12-10
2023-12-22,The King's Speech,2010,https://boxd.it/5mTf8x,3.5,,,2023-12-10
2023-12-22,The Bourne Identity,2002,https://boxd.it/5mTf8R,3.5,,,2023-12-10
2023-12-22,The Bourne Supremacy,2004,https://boxd.it/5mTf91,3.5,,,2023-12-10
2023-12-22,The Bourne Ultimatum,2007,https://boxd.it/5mTf9b,4,,,2023-12-10
2023-12-22,Casino Royale,2006,https://boxd.it/5mTf9l,5,,,2023-12-10
2023-12-22,Die Another Day,2002,https://boxd.it/5mTf9v,3.5,,,2023-12-10
2023-12-22,Quantum of Solace,2008,https://boxd.it/5mTf9F,3.5,,,2023-12-10
2023-12-22,Skyfall,2012,https://boxd.it/5mTf9P,4.5,,,2023-12-10
2023-12-22,Spectre,2015,https://boxd.it/5mTf9Z,4,,,2023-12-10
2023-12-22,The Italian Job,2003,https://boxd.it/5mTfa9,4.5,,,2023-12-10
2023-12-22,The Iron Giant,1999,https://boxd.it/5mTfaj,4.5,,,2023-12-10
2023-12-22,Into the Wild,2007,https://boxd.it/5mTfat,4.5,,,2023-12-10
2023-12-22,Indiana Jones and the Kingdom of the Crystal Skull,2008,https://boxd.it/5mTfaD,3,,,2023-12-10
2023-12-22,Indiana Jones and the Last Crusade,1989,https://boxd.it/5mTfaN,4,,,2023-12-10
2023-12-22,Indiana Jones and the Temple of Doom,1984,https://boxd.it/5mTfaX,4,,,2023-12-10
2023-12-22,Raiders of the Lost Ark,1981,https://boxd.it/5mTfb7,4.5,,,2023-12-10
2023-12-22,Hereditary,2018,https://boxd.it/5mTfbh,4.5,,,2023-12-10
2023-12-22,Filth,2013,https://boxd.it/5mTfbr,4,,,2023-12-10
2023-12-22,Don't Look Up,2021,https://boxd.it/5mTfcz,3.5,,,2023-12-10
2023-12-22,La Dolce Vita,1960,https://boxd.it/5mTfcJ,4.5,,,2023-12-10
2023-12-22,The Choice,2016,https://boxd.it/5mTfcT,2.5,,,2023-12-10
2023-12-22,Casablanca,1942,https://boxd.it/5mTfd3,4,,,2023-12-10
2023-12-22,The Equalizer 3,2023,https://boxd.it/5mTfdd,3,,,2023-12-10
2023-12-22,Leave the World Behind,2023,https://boxd.it/5mTf8d,3,,,2023-12-11
2023-12-22,Birth/Rebirth,2023,https://boxd.it/5mTf83,4,,,2023-12-12
2023-12-22,The Five Devils,2022,https://boxd.it/5mTf4l,3.5,,,2023-12-13
2023-12-22,Compliance,2012,https://boxd.it/5mTf4v,3.5,,,2023-12-13
2023-12-22,Manchester by the Sea,2016,https://boxd.it/5mTf4F,4,,,2023-12-13
2023-12-22,Side Effects,2013,https://boxd.it/5mTf4Z,3.5,,,2023-12-13
2023-12-22,The Big Short,2015,https://boxd.it/5mTf59,4,,,2023-12-13
2023-12-22,The Revenant,2015,https://boxd.it/5mTf5j,4.5,,,2023-12-13
2023-12-22,Room,2015,https://boxd.it/5mTf5t,4,,,2023-12-13
2023-12-22,Molly's Game,2017,https://boxd.it/5mTf5D,4,,,2023-12-13
2023-12-22,Once Upon a Time... in Hollywood,2019,https://boxd.it/5mTf5N,4,,,2023-12-13
2023-12-22,Greyhound,2020,https://boxd.it/5mTf7p,3,,,2023-12-13
2023-12-22,Shutter Island,2010,https://boxd.it/5mTf7z,4,,,2023-12-13
2023-12-22,Enola Holmes,2020,https://boxd.it/5mTf7J,3,,,2023-12-13
2023-12-22,Killers of the Flower Moon,2023,https://boxd.it/5mTf7T,4,,,2023-12-13
2023-12-22,No One Will Save You,2023,https://boxd.it/5mTf41,2,,,2023-12-14
2023-12-22,No Time to Die,2021,https://boxd.it/5mTf4b,,,,2023-12-14
2023-12-22,The Treatment,2014,https://boxd.it/5mTeQ9,4.5,,,2023-12-15
2023-12-22,TRON: Legacy,2010,https://boxd.it/5mTeQj,2.5,,,2023-12-15
2023-12-22,Zombieland,2009,https://boxd.it/5mTeQt,3.5,,,2023-12-15
2023-12-22,Mad Max: Fury Road,2015,https://boxd.it/5mTeQD,4.5,,,2023-12-15
2023-12-22,Men in Black,1997,https://boxd.it/5mTeQN,3.5,,,2023-12-15
2023-12-22,Men in Black II,2002,https://boxd.it/5mTeQX,2.5,,,2023-12-15
2023-12-22,Men in Black 3,2012,https://boxd.it/5mTeR7,3.5,,,2023-12-15
2023-12-22,The Matrix,1999,https://boxd.it/5mTeRh,4.5,,,2023-12-15
2023-12-22,The Matrix Reloaded,2003,https://boxd.it/5mTeRr,4,,,2023-12-15
2023-12-22,The Matrix Revolutions,2003,https://boxd.it/5mTeRB,3.5,,,2023-12-15
2023-12-22,John Wick,2014,https://boxd.it/5mTeRL,4,,,2023-12-15
2023-12-22,John Wick: Chapter 2,2017,https://boxd.it/5mTeRV,4,,,2023-12-15
2023-12-22,John Wick: Chapter 3 – Parabellum,2019,https://boxd.it/5mTeSf,4,,,2023-12-15
2023-12-22,Hannibal,2001,https://boxd.it/5mTeSp,3.5,,,2023-12-15
2023-12-22,Hannibal Rising,2007,https://boxd.it/5mTeSz,2.5,,,2023-12-15
2023-12-22,Red Dragon,2002,https://boxd.it/5mTeSJ,4.5,,,2023-12-15
2023-12-22,The Silence of the Lambs,1991,https://boxd.it/5mTf1B,4.5,,,2023-12-15
2023-12-22,Harry Potter and the Deathly Hallows: Part 2,2011,https://boxd.it/5mTf1L,4,,,2023-12-15
2023-12-22,Harry Potter and the Chamber of Secrets,2002,https://boxd.it/5mTf1V,4.5,,,2023-12-15
2023-12-22,Harry Potter and the Goblet of Fire,2005,https://boxd.it/5mTf2f,4,,,2023-12-15
2023-12-22,Harry Potter and the Half-Blood Prince,2009,https://boxd.it/5mTf2p,3.5,,,2023-12-15
2023-12-22,Harry Potter and the Order of the Phoenix,2007,https://boxd.it/5mTf2z,3.5,,,2023-12-15
2023-12-22,Harry Potter and the Prisoner of Azkaban,2004,https://boxd.it/5mTf2J,4.5,,,2023-12-15
2023-12-22,Harry Potter and the Philosopher's Stone,2001,https://boxd.it/5mTf2T,4,,,2023-12-15
2023-12-22,Pather Panchali,1955,https://boxd.it/5mTf33,4.5,,,2023-12-15
2023-12-22,Aladdin,1992,https://boxd.it/5mTf3d,4,,,2023-12-15
2023-12-22,28 Days Later,2002,https://boxd.it/5mTf3n,3.5,,,2023-12-15
2023-12-22,28 Weeks Later,2007,https://boxd.it/5mTf3x,2.5,,,2023-12-15
2023-12-22,12 Years a Slave,2013,https://boxd.it/5mTf3H,3.5,,,2023-12-15
2023-12-22,21 Grams,2003,https://boxd.it/5mTf3R,4,,,2023-12-15
2023-12-22,The Martian,2015,https://boxd.it/5mTelv,3.5,,,2023-12-16
2023-12-22,Taken,2008,https://boxd.it/5mTelF,3,,,2023-12-16
2023-12-22,Lara Croft: Tomb Raider,2001,https://boxd.it/5mTelP,3,,,2023-12-16
2023-12-22,Batman Begins,2005,https://boxd.it/5mTelZ,4.5,,,2023-12-16
2023-12-22,Lara Croft: Tomb Raider – The Cradle of Life,2003,https://boxd.it/5mTemj,3,,,2023-12-16
2023-12-22,Jurassic Park,1993,https://boxd.it/5mTemt,3,,,2023-12-16
2023-12-22,Incredibles 2,2018,https://boxd.it/5mTemD,3.5,,,2023-12-16
2023-12-22,Lilo & Stitch,2002,https://boxd.it/5mTemN,3.5,,,2023-12-16
2023-12-22,The Punisher,2004,https://boxd.it/5mTepn,3.5,,,2023-12-16
2023-12-22,The Sacrifice,1986,https://boxd.it/5mTepx,4,,,2023-12-16
2023-12-22,The Mummy Returns,2001,https://boxd.it/5mTepH,3.5,,,2023-12-16
2023-12-22,The Social Network,2010,https://boxd.it/5mTeq1,3.5,,,2023-12-16
2023-12-22,Wild Strawberries,1957,https://boxd.it/5mTeqb,5,,,2023-12-16
2023-12-22,The Magician,1958,https://boxd.it/5mTeqv,5,,,2023-12-16
2023-12-22,The Mummy,1999,https://boxd.it/5mTeqF,4,,,2023-12-16
2023-12-22,Toy Story 3,2010,https://boxd.it/5mTeqP,3.5,,,2023-12-16
2023-12-22,Toy Story,1995,https://boxd.it/5mTeqZ,4,,,2023-12-16
2023-12-22,Thor: Ragnarok,2017,https://boxd.it/5mTer9,3.5,,,2023-12-16
2023-12-22,Mission: Impossible II,2000,https://boxd.it/5mTerj,2.5,,,2023-12-16
2023-12-22,Persona,1966,https://boxd.it/5mTert,5,,,2023-12-16
2023-12-22,Mission: Impossible III,2006,https://boxd.it/5mTerD,3.5,,,2023-12-16
2023-12-22,Mission: Impossible,1996,https://boxd.it/5mTerN,4,,,2023-12-16
2023-12-22,Mission: Impossible – Ghost Protocol,2011,https://boxd.it/5mTerX,3.5,,,2023-12-16
2023-12-22,Mission: Impossible – Rogue Nation,2015,https://boxd.it/5mTes7,3.5,,,2023-12-16
2023-12-22,Easy A,2010,https://boxd.it/5mTesh,3,,,2023-12-16
2023-12-22,The Perfect Dictatorship,2014,https://boxd.it/5mTesr,3,,,2023-12-16
2023-12-22,The Exorcist,1973,https://boxd.it/5mTesB,3.5,,,2023-12-16
2023-12-22,"The Chronicles of Narnia: The Lion, the Witch and the Wardrobe",2005,https://boxd.it/5mTesL,3,,,2023-12-16
2023-12-22,Key Largo,1948,https://boxd.it/5mTesV,4,,,2023-12-16
2023-12-22,Dead Poets Society,1989,https://boxd.it/5mTet5,3.5,,,2023-12-16
2023-12-22,The Theory of Everything,2014,https://boxd.it/5mTetf,3,,,2023-12-16
2023-12-22,Eraserhead,1977,https://boxd.it/5mTetp,3.5,,,2023-12-16
2023-12-22,The Curious Case of Benjamin Button,2008,https://boxd.it/5mTevv,4,,,2023-12-16
2023-12-22,Mission: Impossible – Fallout,2018,https://boxd.it/5mTevF,3.5,,,2023-12-16
2023-12-22,The Game,1997,https://boxd.it/5mTevP,3.5,,,2023-12-16
2023-12-22,Lucy,2014,https://boxd.it/5mTevZ,3,,,2023-12-16
2023-12-22,The Lord of the Rings: The Return of the King,2003,https://boxd.it/5mTew9,4.5,,,2023-12-16
2023-12-22,Mulholland Drive,2001,https://boxd.it/5mTewj,4,,,2023-12-16
2023-12-22,Who Framed Roger Rabbit,1988,https://boxd.it/5mTewt,4.5,,,2023-12-16
2023-12-22,Sin City,2005,https://boxd.it/5mTewD,4,,,2023-12-16
2023-12-22,The Lincoln Lawyer,2011,https://boxd.it/5mTewN,3.5,,,2023-12-16
2023-12-22,King Kong,2005,https://boxd.it/5mTewX,3.5,,,2023-12-16
2023-12-22,Thir13en Ghosts,2001,https://boxd.it/5mTex7,3.5,,,2023-12-16
2023-12-22,Parasite,2019,https://boxd.it/5mTexh,4.5,,,2023-12-16
2023-12-22,The Help,2011,https://boxd.it/5mTexr,3.5,,,2023-12-16
2023-12-22,Star Wars: Episode II – Attack of the Clones,2002,https://boxd.it/5mTexB,4,,,2023-12-16
2023-12-22,Star Wars: The Last Jedi,2017,https://boxd.it/5mTexL,3,,,2023-12-16
2023-12-22,Clueless,1995,https://boxd.it/5mTexV,3.5,,,2023-12-16
2023-12-22,Dear John,2010,https://boxd.it/5mTey5,2.5,,,2023-12-16
2023-12-22,Titanic,1997,https://boxd.it/5mTeyf,3.5,,,2023-12-16
2023-12-22,The Lord of the Rings: The Fellowship of the Ring,2001,https://boxd.it/5mTeyp,4,,,2023-12-16
2023-12-22,The Dark Knight,2008,https://boxd.it/5mTeyz,4,,,2023-12-16
2023-12-22,Fear and Loathing in Las Vegas,1998,https://boxd.it/5mTeyJ,4.5,,,2023-12-16
2023-12-22,Insidious,2010,https://boxd.it/5mTez3,4,,,2023-12-16
2023-12-22,The Woman in Black,2012,https://boxd.it/5mTezd,3.5,,,2023-12-16
2023-12-22,The Lord of the Rings: The Two Towers,2002,https://boxd.it/5mTezn,,,,2023-12-16
2023-12-22,Star Wars: Episode I – The Phantom Menace,1999,https://boxd.it/5mTeBD,3.5,,,2023-12-16
2023-12-22,Return of the Jedi,1983,https://boxd.it/5mTeBN,4,,,2023-12-16
2023-12-22,Warm Bodies,2013,https://boxd.it/5mTeBX,4,,,2023-12-16
2023-12-22,Star Wars: Episode III – Revenge of the Sith,2005,https://boxd.it/5mTeC7,4.5,,,2023-12-16
2023-12-22,Star Wars: The Force Awakens,2015,https://boxd.it/5mTeCh,4.5,,,2023-12-16
2023-12-22,Star Wars,1977,https://boxd.it/5mTeCr,4,,,2023-12-16
2023-12-22,The Empire Strikes Back,1980,https://boxd.it/5mTeCB,4,,,2023-12-16
2023-12-22,Secret Window,2004,https://boxd.it/5mTeCL,3,,,2023-12-16
2023-12-22,The Machinist,2004,https://boxd.it/5mTeCV,3.5,,,2023-12-16
2023-12-22,The Sixth Sense,1999,https://boxd.it/5mTeD5,4,,,2023-12-16
2023-12-22,"I, Robot",2004,https://boxd.it/5mTeDf,3,,,2023-12-16
2023-12-22,I Origins,2014,https://boxd.it/5mTeDz,4,,,2023-12-16
2023-12-22,Nightcrawler,2014,https://boxd.it/5mTeDJ,4.5,,,2023-12-16
2023-12-22,Gone Girl,2014,https://boxd.it/5mTeDT,4.5,,,2023-12-16
2023-12-22,Free Solo,2018,https://boxd.it/5mTeE3,4,,,2023-12-16
2023-12-22,Catch Me If You Can,2002,https://boxd.it/5mTeEd,3.5,,,2023-12-16
2023-12-22,Captain America: Civil War,2016,https://boxd.it/5mTeEn,3.5,,,2023-12-16
2023-12-22,Captain America: The First Avenger,2011,https://boxd.it/5mTeEx,3,,,2023-12-16
2023-12-22,Captain America: The Winter Soldier,2014,https://boxd.it/5mTeEH,3.5,,,2023-12-16
2023-12-22,The Butterfly Effect,2004,https://boxd.it/5mTeER,3,,,2023-12-16
2023-12-22,A Bug's Life,1998,https://boxd.it/5mTeF1,3,,,2023-12-16
2023-12-22,Brother Bear,2003,https://boxd.it/5mTeFb,2.5,,,2023-12-16
2023-12-22,Brother Bear 2,2006,https://boxd.it/5mTeFl,2,,,2023-12-16
2023-12-22,The Girl with the Dragon Tattoo,2011,https://boxd.it/5mTeFv,4.5,,,2023-12-16
2023-12-22,Zodiac,2007,https://boxd.it/5mTeFF,3.5,,,2023-12-16
2023-12-22,Short Term 12,2013,https://boxd.it/5mTeIp,4.5,,,2023-12-16
2023-12-22,CODA,2021,https://boxd.it/5mTeIz,3,,,2023-12-16
2023-12-22,Triangle of Sadness,2022,https://boxd.it/5mTeIJ,4,,,2023-12-16
2023-12-22,Y Tu Mamá También,2001,https://boxd.it/5mTeIT,4,,,2023-12-16
2023-12-22,The Guilty,2021,https://boxd.it/5mTeJ3,3,,,2023-12-16
2023-12-22,Burning,2018,https://boxd.it/5mTeJd,4.5,,,2023-12-16
2023-12-22,The Road,2009,https://boxd.it/5mTeJn,4,,,2023-12-16
2023-12-22,No Country for Old Men,2007,https://boxd.it/5mTeJx,4.5,,,2023-12-16
2023-12-22,Requiem for a Dream,2000,https://boxd.it/5mTeJH,4.5,,,2023-12-16
2023-12-22,Black Swan,2010,https://boxd.it/5mTeJR,4,,,2023-12-16
2023-12-22,Black Panther,2018,https://boxd.it/5mTeK1,3,,,2023-12-16
2023-12-22,The Godfather,1972,https://boxd.it/5mTeKb,4,,,2023-12-16
2023-12-22,Blue Jay,2016,https://boxd.it/5mTeKl,4,,,2023-12-16
2023-12-22,The Blind Side,2009,https://boxd.it/5mTeKv,3,,,2023-12-16
2023-12-22,The Big Lebowski,1998,https://boxd.it/5mTeKF,4,,,2023-12-16
2023-12-22,A Beautiful Mind,2001,https://boxd.it/5mTeKP,3.5,,,2023-12-16
2023-12-22,Batman,1989,https://boxd.it/5mTeKZ,3,,,2023-12-16
2023-12-22,Batman & Robin,1997,https://boxd.it/5mTeL9,2.5,,,2023-12-16
2023-12-22,Batman Forever,1995,https://boxd.it/5mTeLt,2.5,,,2023-12-16
2023-12-22,Batman Returns,1992,https://boxd.it/5mTeLD,3.5,,,2023-12-16
2023-12-22,Bambi,1942,https://boxd.it/5mTeLX,3.5,,,2023-12-16
2023-12-22,Back to the Future,1985,https://boxd.it/5mTeMh,4,,,2023-12-16
2023-12-22,Back to the Future Part II,1989,https://boxd.it/5mTeMr,3,,,2023-12-16
2023-12-22,Back to the Future Part III,1990,https://boxd.it/5mTeMB,3,,,2023-12-16
2023-12-22,Babel,2006,https://boxd.it/5mTeML,3,,,2023-12-16
2023-12-22,The Avengers,2012,https://boxd.it/5mTeOx,2.5,,,2023-12-16
2023-12-22,Avengers: Age of Ultron,2015,https://boxd.it/5mTeOH,2.5,,,2023-12-16
2023-12-22,Avengers: Infinity War,2018,https://boxd.it/5mTeOR,3,,,2023-12-16
2023-12-22,Argo,2012,https://boxd.it/5mTeP1,4.5,,,2023-12-16
2023-12-22,Antichrist,2009,https://boxd.it/5mTePl,2.5,,,2023-12-16
2023-12-22,Amores Perros,2000,https://boxd.it/5mTePv,4.5,,,2023-12-16
2023-12-22,American Psycho,2000,https://boxd.it/5mTePF,4,,,2023-12-16
2023-12-22,The Addams Family,1991,https://boxd.it/5mTePP,3,,,2023-12-16
2023-12-22,Scarface,1983,https://boxd.it/5mTegP,4,,,2023-12-17
2023-12-22,The Prince of Egypt,1998,https://boxd.it/5mTegZ,3,,,2023-12-17
2023-12-22,I Am Sam,2001,https://boxd.it/5mTeiB,2.5,,,2023-12-17
2023-12-22,Enter the Void,2009,https://boxd.it/5mTeiL,4,,,2023-12-17
2023-12-22,The Emperor's New Groove,2000,https://boxd.it/5mTeiV,3.5,,,2023-12-17
2023-12-22,Drive,2011,https://boxd.it/5mTej5,4.5,,,2023-12-17
2023-12-22,Dr. Dolittle 2,2001,https://boxd.it/5mTejf,2,,,2023-12-17
2023-12-22,Doctor Dolittle,1998,https://boxd.it/5mTejp,2.5,,,2023-12-17
2023-12-22,The Day After Tomorrow,2004,https://boxd.it/5mTejJ,3.5,,,2023-12-17
2023-12-22,The Da Vinci Code,2006,https://boxd.it/5mTejT,2,,,2023-12-17
2023-12-22,Guy Ritchie's The Covenant,2023,https://boxd.it/5mTek3,3,,,2023-12-17
2023-12-22,Contagion,2011,https://boxd.it/5mTekd,3.5,,,2023-12-17
2023-12-22,The Conjuring,2013,https://boxd.it/5mTekn,3,,,2023-12-17
2023-12-22,Coco,2017,https://boxd.it/5mTekx,4,,,2023-12-17
2023-12-22,A Clockwork Orange,1971,https://boxd.it/5mTekH,4.5,,,2023-12-17
2023-12-22,The Chronicles of Narnia: Prince Caspian,2008,https://boxd.it/5mTekR,3.5,,,2023-12-17
2023-12-22,The Chronicles of Narnia: The Voyage of the Dawn Treader,2010,https://boxd.it/5mTel1,3,,,2023-12-17
2023-12-22,Blue Ruin,2013,https://boxd.it/5mTelb,4,,,2023-12-17
2023-12-22,X-Men: Apocalypse,2016,https://boxd.it/5mTe8h,2,,,2023-12-18
2023-12-22,X-Men: Days of Future Past,2014,https://boxd.it/5mTe8r,3.5,,,2023-12-18
2023-12-22,The Wolverine,2013,https://boxd.it/5mTe8B,3,,,2023-12-18
2023-12-22,X-Men: First Class,2011,https://boxd.it/5mTe8L,3,,,2023-12-18
2023-12-22,X-Men Origins: Wolverine,2009,https://boxd.it/5mTe8V,3,,,2023-12-18
2023-12-22,X-Men: The Last Stand,2006,https://boxd.it/5mTe9f,2.5,,,2023-12-18
2023-12-22,X2,2003,https://boxd.it/5mTe9p,3,,,2023-12-18
2023-12-22,X-Men,2000,https://boxd.it/5mTe9z,3.5,,,2023-12-18
2023-12-22,Passages,2023,https://boxd.it/5mTe9J,4,,,2023-12-18
2023-12-22,The Truman Show,1998,https://boxd.it/5mTea3,3.5,,,2023-12-18
2023-12-22,The Tourist,2010,https://boxd.it/5mTead,,,,2023-12-18
2023-12-22,To Have and Have Not,1944,https://boxd.it/5mTean,4,,,2023-12-18
2023-12-22,Ted,2012,https://boxd.it/5mTeax,2.5,,,2023-12-18
2023-12-22,Terminator 3: Rise of the Machines,2003,https://boxd.it/5mTeaH,3.5,,,2023-12-18
2023-12-22,Terminator 2: Judgment Day,1991,https://boxd.it/5mTeaR,3.5,,,2023-12-18
2023-12-22,The Terminator,1984,https://boxd.it/5mTeb1,3.5,,,2023-12-18
2023-12-22,The Talented Mr. Ripley,1999,https://boxd.it/5mTebb,4,,,2023-12-18
2023-12-22,Heart Blackened,2017,https://boxd.it/5mTebl,3.5,,,2023-12-18
2023-12-22,The Royal Tenenbaums,2001,https://boxd.it/5mTebv,4,,,2023-12-18
2023-12-22,The Road to El Dorado,2000,https://boxd.it/5mTebP,2.5,,,2023-12-18
2023-12-22,Ratatouille,2007,https://boxd.it/5mTed7,2.5,,,2023-12-18
2023-12-22,The Pursuit of Happyness,2006,https://boxd.it/5mTedh,3,,,2023-12-18
2023-12-22,Pulp Fiction,1994,https://boxd.it/5mTedr,4.5,,,2023-12-18
2023-12-22,Project X,2012,https://boxd.it/5mTedB,2,,,2023-12-18
2023-12-22,Prisoners,2013,https://boxd.it/5mTedL,3.5,,,2023-12-18
2023-12-22,Pirates of the Caribbean: At World's End,2007,https://boxd.it/5mTedV,2.5,,,2023-12-18
2023-12-22,Pirates of the Caribbean: Dead Man's Chest,2006,https://boxd.it/5mTee5,2.5,,,2023-12-18
2023-12-22,Pirates of the Caribbean: Dead Men Tell No Tales,2017,https://boxd.it/5mTeef,2.5,,,2023-12-18
2023-12-22,Pirates of the Caribbean: On Stranger Tides,2011,https://boxd.it/5mTeep,2,,,2023-12-18
2023-12-22,Pirates of the Caribbean: The Curse of the Black Pearl,2003,https://boxd.it/5mTeez,3,,,2023-12-18
2023-12-22,The Pianist,2002,https://boxd.it/5mTeeJ,4,,,2023-12-18
2023-12-22,The Notebook,2004,https://boxd.it/5mTeeT,2.5,,,2023-12-18
2023-12-22,Mr. & Mrs. Smith,2005,https://boxd.it/5mTef3,2,,,2023-12-18
2023-12-22,Mother/Android,2021,https://boxd.it/5mTefd,3,,,2023-12-18
2023-12-22,Kronk's New Groove,2005,https://boxd.it/5mTefn,2.5,,,2023-12-18
2023-12-22,Johnny English,2003,https://boxd.it/5mTefx,2.5,,,2023-12-18
2023-12-22,Johnny English Reborn,2011,https://boxd.it/5mTefH,2.5,,,2023-12-18
2023-12-22,Johnny English Strikes Again,2018,https://boxd.it/5mTefR,2,,,2023-12-18
2023-12-22,The Hurt Locker,2008,https://boxd.it/5mTeg1,3.5,,,2023-12-18
2023-12-22,The Grand Budapest Hotel,2014,https://boxd.it/5mTegb,3.5,,,2023-12-18
2023-12-22,Good Will Hunting,1997,https://boxd.it/5mTegl,3.5,,,2023-12-18
2023-12-22,The Exterminating Angel,1962,https://boxd.it/5mTegv,5,,,2023-12-18
2023-12-22,mother!,2017,https://boxd.it/5mTegF,5,,,2023-12-18
2023-12-22,Anatomy of a Fall,2023,https://boxd.it/5mTe7D,4.5,,,2023-12-19
2023-12-22,Top Gun: Maverick,2022,https://boxd.it/5mTe7N,3.5,,,2023-12-19
2023-12-22,Baywatch,2017,https://boxd.it/5mTe7X,1.5,,,2023-12-19
2023-12-22,The Spectacular Now,2013,https://boxd.it/5mTe87,3.5,,,2023-12-19
2023-12-24,I Saw the Devil,2010,https://boxd.it/5nTFrT,5,,,2023-12-23
2023-12-25,Decision to Leave,2022,https://boxd.it/5o77gl,4,,,2023-12-24
2023-12-25,Youth,2015,https://boxd.it/5o7xd3,5,,,2023-12-24
2023-12-25,Portrait of a Lady on Fire,2019,https://boxd.it/5oazMP,5,,,2023-12-24
2023-12-25,The Wailing,2016,https://boxd.it/5onLgd,4,,,2023-12-24
2023-12-25,Sanctuary,2022,https://boxd.it/5oodS5,2,,,2023-12-24
2023-12-25,The Royal Tenenbaums,2001,https://boxd.it/5ooCeT,4,,,2023-12-24
2023-12-25,Train to Busan,2016,https://boxd.it/5opdlH,2,,,2023-12-24
2023-12-25,Death on the Nile,2022,https://boxd.it/5opesf,2,,,2023-12-24
2023-12-25,No One Will Save You,2023,https://boxd.it/5opgnr,2,,,2023-12-24
2023-12-26,Leviathan,2014,https://boxd.it/5oD8uH,4.5,,,2023-12-25
2023-12-26,Incendies,2010,https://boxd.it/5oHv4l,4.5,,,2023-12-25
2023-12-27,I Know This Much Is True,2020,https://boxd.it/5pgQap,5,,,2023-12-26
2023-12-27,The New Pope,2020,https://boxd.it/5ph3Kl,5,,,2023-12-26
2023-12-27,Oldboy,2003,https://boxd.it/5pzzzF,4,,,2023-12-26
2023-12-27,Sick of Myself,2022,https://boxd.it/5pDu75,4.5,,,2023-12-26
2023-12-28,A Separation,2011,https://boxd.it/5qcAwl,4.5,,,2023-12-27
2023-12-30,Mommy,2014,https://boxd.it/5rhp0n,5,,,2023-12-29
2024-02-04,Red Rooms,2023,https://boxd.it/5KWoB1,4,,,2024-02-03
2024-02-04,The Worst Person in the World,2021,https://boxd.it/5L1vJB,4,,,2024-02-03
2024-02-05,Beau Is Afraid,2023,https://boxd.it/5LdBiP,4,,,2024-02-04
2024-02-06,A Woman Under the Influence,1974,https://boxd.it/5M1aSr,4,,,2024-02-05
2024-11-17,Under the Skin,2013,https://boxd.it/7Pasv7,5,,,2024-02-06
2024-02-13,The Curse,2023,https://boxd.it/5OPqZB,5,,,2024-02-12
2024-11-10,The Substance,2024,https://boxd.it/7LHked,1,,,2024-11-09
2024-11-10,Late Night with the Devil,2023,https://boxd.it/7LMJTP,3.5,,,2024-11-10
2024-11-11,How to Have Sex,2023,https://boxd.it/7MlIXV,3.5,,,2024-11-10
2024-11-11,Swarm,2023,https://boxd.it/7MoaZf,4.5,,,2024-11-10
2024-11-16,Threads,1984,https://boxd.it/7OE1IJ,3.5,,,2024-11-14
2024-11-17,Longlegs,2024,https://boxd.it/7P9M0B,2.5,,,2024-11-16
2024-11-17,Disturbia,2007,https://boxd.it/7PaAQR,3,,,2024-11-16
2024-11-17,A Girl Walks Home Alone at Night,2014,https://boxd.it/7PdG8H,5,,,2024-11-16
2024-11-20,Pearl,2022,https://boxd.it/7QRy5T,4,,,2024-11-19
2024-11-20,Baywatch,2017,https://boxd.it/7QS297,0.5,Yes,,2024-11-19
2024-11-20,The Pursuit of Happyness,2006,https://boxd.it/7QSy5r,2,Yes,,2024-11-19
2024-12-13,Oddity,2024,https://boxd.it/82im5v,3.5,,,2024-12-12
2024-12-25,Juror #2,2024,https://boxd.it/895Rb7,3,,,2024-12-24
2024-12-25,Poor Things,2023,https://boxd.it/899rPj,4.5,,,2024-12-24
2024-12-25,Saltburn,2023,https://boxd.it/89epDZ,0.5,,,2024-12-24
2024-12-25,American Fiction,2023,https://boxd.it/89sEw3,4,,,2024-12-24
2024-12-27,First Reformed,2017,https://boxd.it/8aUgZP,4.5,,,2024-12-26
2024-12-27,The Best Exotic Marigold Hotel,2011,https://boxd.it/8b6yvH,3.5,,,2024-12-26
2025-01-05,Hour of the Wolf,1968,https://boxd.it/8jCFi7,4.5,,,2025-01-04
2025-01-05,Woman of the Hour,2023,https://boxd.it/8jEukv,2,,,2025-01-04
2025-01-06,Caché,2005,https://boxd.it/8kDkz3,4.5,,,2025-01-05
2025-01-07,Ivan's Childhood,1962,https://boxd.it/8mktnP,4.5,,,2025-01-07
2025-01-26,Before Sunrise,1995,https://boxd.it/8BLDvX,4.5,,,2025-01-23
2025-01-26,Before Sunset,2004,https://boxd.it/8BLEIj,4.5,,,2025-01-24
2025-01-26,Conclave,2024,https://boxd.it/8BQW05,4,,,2025-01-25
2025-01-27,Alice in the Cities,1974,https://boxd.it/8CCKAL,5,,,2025-01-26
2025-01-27,Au Hasard Balthazar,1966,https://boxd.it/8CSGEL,,,,2025-01-26
