Date,Name,Year,Letterboxd URI,Rating
2020-07-24,The Magician,1958,https://boxd.it/1nse,5
2020-07-24,Shame,1968,https://boxd.it/1tZo,5
2020-07-24,The Wolf of Wall Street,2013,https://boxd.it/3C1m,4
2020-07-24,Stalker,1979,https://boxd.it/28PO,5
2020-07-24,Mirror,1975,https://boxd.it/28Q8,5
2020-07-24,Andrei Rublev,1966,https://boxd.it/29lg,5
2020-07-24,The Shining,1980,https://boxd.it/29Nu,4
2020-07-24,Fight Club,1999,https://boxd.it/2a9q,4
2020-07-24,Inception,2010,https://boxd.it/1skk,4
2020-07-24,Belle de Jour,1967,https://boxd.it/29Uq,5
2020-07-24,The Exterminating Angel,1962,https://boxd.it/1nRS,5
2020-07-24,That Obscure Object of Desire,1977,https://boxd.it/22zg,5
2020-07-24,Viridiana,1961,https://boxd.it/24eE,5
2020-07-24,The Great Beauty,2013,https://boxd.it/5ty6,5
2020-07-24,Youth,2015,https://boxd.it/9Y7S,5
2020-07-24,Loro,2018,https://boxd.it/jKqw,3
2020-07-24,The New Pope,2020,https://boxd.it/oWDC,5
2020-07-24,Fanny and Alexander,1982,https://boxd.it/22go,5
2020-07-24,The Shawshank Redemption,1994,https://boxd.it/2aHi,4
2020-07-24,Au Revoir les Enfants,1987,https://boxd.it/288U,4
2020-07-24,Watchmen,2009,https://boxd.it/1QE4,5
2020-07-24,There Will Be Blood,2007,https://boxd.it/20Z2,5
2020-07-24,Memento,2000,https://boxd.it/2bcK,3
2020-07-24,The Dark Knight,2008,https://boxd.it/2b0k,4
2020-07-24,Pierrot le Fou,1965,https://boxd.it/26j2,5
2020-07-24,Band of Outsiders,1964,https://boxd.it/20Aw,5
2020-07-24,Cul-de-sac,1966,https://boxd.it/23QW,5
2020-07-24,The Lord of the Rings: The Fellowship of the Ring,2001,https://boxd.it/2b5O,4
2020-07-24,The Lord of the Rings: The Two Towers,2002,https://boxd.it/2b5E,5
2020-07-25,Primer,2004,https://boxd.it/6YA,5
2020-07-25,Interstellar,2014,https://boxd.it/4VZ8,5
2020-07-25,The Imitation Game,2014,https://boxd.it/6aig,4
2020-07-25,Moonrise Kingdom,2012,https://boxd.it/2Wng,4
2020-07-25,Apur Sansar,1959,https://boxd.it/29l6,4
2020-07-25,All That Jazz,1979,https://boxd.it/1JB8,5
2020-07-25,Key Largo,1948,https://boxd.it/1UQS,4
2020-07-25,The Maltese Falcon,1941,https://boxd.it/29c4,4
2020-07-30,The Virgin Spring,1960,https://boxd.it/1TjI,4
2022-03-22,In the Earth,2021,https://boxd.it/s652,4
2022-03-22,Mandy,2018,https://boxd.it/gtti,4.5
2022-03-22,Birdman or (The Unexpected Virtue of Ignorance),2014,https://boxd.it/5RFA,4.5
2022-03-22,The Death of Stalin,2017,https://boxd.it/ea9Y,4
2022-03-22,Nocturnal Animals,2016,https://boxd.it/bkFu,4
2022-03-22,Enter the Void,2009,https://boxd.it/1dy2,4
2022-03-22,8½,1963,https://boxd.it/2aqm,4
2022-03-22,Persona,1966,https://boxd.it/29B4,5
2022-03-22,The Witch,2015,https://boxd.it/9X0m,5
2022-03-22,Black Swan,2010,https://boxd.it/Sw0,4
2022-03-22,10 Cloverfield Lane,2016,https://boxd.it/aZiu,4
2022-03-22,Get Out,2017,https://boxd.it/eOCm,4
2022-03-22,Southbound,2015,https://boxd.it/bX3Y,3
2022-03-22,Fresh,2022,https://boxd.it/tCNi,4
2022-03-22,Shutter Island,2010,https://boxd.it/1U82,4
2022-03-23,The Night House,2020,https://boxd.it/jZze,3.5
2022-03-23,Bone Tomahawk,2015,https://boxd.it/9kiw,4.5
2022-03-23,Zombieland,2009,https://boxd.it/1En6,3.5
2022-03-23,The Unforgivable,2021,https://boxd.it/nZ4e,2.5
2022-03-23,The Social Dilemma,2020,https://boxd.it/opQI,4
2022-03-23,The Lost Daughter,2021,https://boxd.it/kgww,3.5
2022-03-23,Ex Machina,2015,https://boxd.it/7T2k,4
2022-03-23,Prometheus,2012,https://boxd.it/2s9e,4
2022-03-23,Blue Jay,2016,https://boxd.it/enEq,4
2022-03-23,Mother/Android,2021,https://boxd.it/rKEk,3
2022-03-23,Violation,2020,https://boxd.it/rk2O,3
2022-03-23,Land,2021,https://boxd.it/m5b2,3.5
2022-03-23,The Ritual,2017,https://boxd.it/fo0I,2.5
2022-03-24,The Endless,2017,https://boxd.it/ffyw,4
2022-03-31,Lapsis,2020,https://boxd.it/oMAo,3.5
2022-03-31,Relic,2020,https://boxd.it/jEwS,4
2022-03-31,The Marksman,2021,https://boxd.it/nwpC,1.5
2022-03-31,Wrath of Man,2021,https://boxd.it/nEia,2.5
2022-03-31,The Ice Road,2021,https://boxd.it/o0C2,1.5
2022-03-31,Harpoon,2019,https://boxd.it/l4Vw,3.5
2022-04-04,It Comes at Night,2017,https://boxd.it/eLuk,4
2022-04-05,Color Out of Space,2019,https://boxd.it/k1HY,4.5
2022-04-07,Moonfall,2022,https://boxd.it/ejwM,0.5
2022-04-09,Whiplash,2014,https://boxd.it/7bQA,5
2022-04-10,Blood Red Sky,2021,https://boxd.it/sArW,2.5
2023-12-11,The Cabin in the Woods,2011,https://boxd.it/1zOc,3.5
2023-12-11,Slumdog Millionaire,2008,https://boxd.it/1S3E,4
2023-12-11,The Aristocats,1970,https://boxd.it/1X3Y,3.5
2023-12-11,Martyrs,2008,https://boxd.it/1Yqu,4
2023-12-11,Eastern Promises,2007,https://boxd.it/275q,4
2023-12-11,Hellboy,2004,https://boxd.it/28HK,4
2023-12-11,Blue Velvet,1986,https://boxd.it/29BI,4
2023-12-11,Gattaca,1997,https://boxd.it/29Du,4
2023-12-11,Trainspotting,1996,https://boxd.it/29XY,5
2023-12-11,Trance,2013,https://boxd.it/2cAS,4
2023-12-11,Next Floor,2008,https://boxd.it/3psY,4
2023-12-11,Inside Out,2015,https://boxd.it/4KHC,3
2023-12-11,Sicario,2015,https://boxd.it/8i7u,4.5
2023-12-11,Suspiria,2018,https://boxd.it/cioI,4.5
2023-12-11,The Lighthouse,2019,https://boxd.it/icFU,5
2023-12-11,Emma.,2020,https://boxd.it/kmg0,3
2023-12-11,Another Round,2020,https://boxd.it/lkba,3.5
2023-12-11,When Evil Lurks,2023,https://boxd.it/rXBe,2
2023-12-11,The Outwaters,2022,https://boxd.it/sgjS,4
2023-12-11,Oppenheimer,2023,https://boxd.it/wUow,4.5
2023-12-11,You Won't Be Alone,2022,https://boxd.it/xjIG,5
2023-12-11,A Wounded Fawn,2022,https://boxd.it/Aqui,3
2023-12-11,Dazed and Confused,1993,https://boxd.it/1Ylk,4.5
2023-12-11,The Darjeeling Limited,2007,https://boxd.it/24as,2.5
2023-12-11,Blood Diamond,2006,https://boxd.it/28Tm,4
2023-12-11,Being John Malkovich,1999,https://boxd.it/2ahu,4.5
2023-12-11,Donnie Darko,2001,https://boxd.it/2b2A,5
2023-12-11,Dirty Dancing,1987,https://boxd.it/2baY,4
2023-12-11,Django Unchained,2012,https://boxd.it/2cCk,4.5
2023-12-11,After Lucia,2012,https://boxd.it/491O,3.5
2023-12-11,American Sniper,2014,https://boxd.it/5LDy,4.5
2023-12-11,The Babadook,2014,https://boxd.it/77xu,4
2023-12-11,Black Mass,2015,https://boxd.it/7K2g,2.5
2023-12-11,Deepwater Horizon,2016,https://boxd.it/9oiU,3.5
2023-12-11,Arrival,2016,https://boxd.it/aNGk,4.5
2023-12-11,Black Widow,2021,https://boxd.it/hWV8,3.5
2023-12-11,Amulet,2020,https://boxd.it/oikq,3
2023-12-11,The Innocents,2021,https://boxd.it/oAlc,4
2023-12-11,Here Before,2021,https://boxd.it/oVbs,3
2023-12-11,American Beauty,1999,https://boxd.it/71Y,4.5
2023-12-11,Inglourious Basterds,2009,https://boxd.it/1JzG,5
2023-12-11,Pineapple Express,2008,https://boxd.it/1WRS,3.5
2023-12-11,Twin Peaks: Fire Walk with Me,1992,https://boxd.it/27Qw,4.5
2023-12-11,Annihilation,2018,https://boxd.it/9yzm,4.5
2023-12-11,Time Share,2018,https://boxd.it/dwUg,3
2023-12-11,The Square,2017,https://boxd.it/e5YW,5
2023-12-11,Dune,2021,https://boxd.it/fA7G,5
2023-12-11,Come True,2020,https://boxd.it/iG90,4
2023-12-11,Daniel Isn't Real,2019,https://boxd.it/jAx8,4.5
2023-12-11,Everything Everywhere All at Once,2022,https://boxd.it/jUk4,3
2023-12-11,Anima,2019,https://boxd.it/mxuc,5
2023-12-11,Infinity Pool,2023,https://boxd.it/oPSK,4.5
2023-12-11,The Adam Project,2022,https://boxd.it/q2Dg,2
2023-12-11,X,2022,https://boxd.it/sxVa,3.5
2023-12-11,Barbarian,2022,https://boxd.it/yohi,3
2023-12-11,Tucker and Dale vs. Evil,2010,https://boxd.it/Mce,3
2023-12-11,Baskin,2015,https://boxd.it/b24U,2
2023-12-11,Tenet,2020,https://boxd.it/leq4,4
2023-12-11,Warning,2021,https://boxd.it/lrko,4
2023-12-11,I Care a Lot,2020,https://boxd.it/mcHk,2.5
2023-12-11,The Last Duel,2021,https://boxd.it/mQbe,4
2023-12-11,The Harder They Fall,2021,https://boxd.it/mRCU,4
2023-12-11,She Dies Tomorrow,2020,https://boxd.it/oIuG,2
2023-12-11,Kill List,2011,https://boxd.it/2z4g,3.5
2023-12-11,Cruella,2021,https://boxd.it/bbKg,3
2023-12-11,Train to Busan,2016,https://boxd.it/dSQU,2
2023-12-11,A Dark Song,2016,https://boxd.it/epo0,4.5
2023-12-11,Possessor,2020,https://boxd.it/fsJW,4.5
2023-12-11,Do You Trust this Computer?,2018,https://boxd.it/iIbW,3.5
2023-12-11,Synchronic,2019,https://boxd.it/k3M2,3
2023-12-11,Saint Maud,2019,https://boxd.it/l8QA,3.5
2023-12-11,Nightmare Alley,2021,https://boxd.it/m0HC,4
2023-12-11,Titane,2021,https://boxd.it/nlQC,4
2023-12-11,Minor Premise,2020,https://boxd.it/oBew,3.5
2023-12-11,Adventureland,2009,https://boxd.it/1JTQ,4
2023-12-11,The Discreet Charm of the Bourgeoisie,1972,https://boxd.it/2440,5
2023-12-11,Perfume: The Story of a Murderer,2006,https://boxd.it/28LW,5
2023-12-11,The Perks of Being a Wallflower,2012,https://boxd.it/2ZA8,4
2023-12-11,The Place Beyond the Pines,2012,https://boxd.it/3mDu,5
2023-12-11,Logan,2017,https://boxd.it/7Piy,4
2023-12-11,Rogue One: A Star Wars Story,2016,https://boxd.it/aPvy,4
2023-12-11,The House That Jack Built,2018,https://boxd.it/dWO4,4
2023-12-11,Joker,2019,https://boxd.it/h4cS,4
2023-12-11,Greenland,2020,https://boxd.it/j1Um,3.5
2023-12-11,Dark Waters,2019,https://boxd.it/kaYu,3.5
2023-12-11,Pig,2021,https://boxd.it/nzoW,4
2023-12-11,A Walk to Remember,2002,https://boxd.it/1WLq,3
2023-12-11,The Tree of Life,2011,https://boxd.it/1Zu8,4
2023-12-11,The Young Girls of Rochefort,1967,https://boxd.it/26K8,5
2023-12-11,V for Vendetta,2005,https://boxd.it/29Ik,4
2023-12-11,Snatch,2000,https://boxd.it/2b7U,5
2023-12-11,War of the Worlds,2005,https://boxd.it/2bde,4
2023-12-11,Wild Tales,2014,https://boxd.it/7UmK,4.5
2023-12-11,Blade Runner 2049,2017,https://boxd.it/b8wK,5
2023-12-11,The Favourite,2018,https://boxd.it/d2hI,5
2023-12-11,Bombshell,2019,https://boxd.it/j5YC,3
2023-12-11,Come and See,1985,https://boxd.it/1w9q,5
2023-12-11,Autumn Sonata,1978,https://boxd.it/1Rio,5
2023-12-11,Cries and Whispers,1972,https://boxd.it/1WK8,4.5
2023-12-11,Anna Karenina,2012,https://boxd.it/3lyy,4
2023-12-11,Upstream Color,2013,https://boxd.it/4Cwc,4
2023-12-11,Knives Out,2019,https://boxd.it/jWEA,3.5
2023-12-22,X-Men: First Class,2011,https://boxd.it/FOA,3
2023-12-22,The Truman Show,1998,https://boxd.it/18U8,3.5
2023-12-22,X-Men: The Last Stand,2006,https://boxd.it/1a5Q,2.5
2023-12-22,X2,2003,https://boxd.it/1a7i,3
2023-12-22,X-Men,2000,https://boxd.it/1a7s,3.5
2023-12-22,To Have and Have Not,1944,https://boxd.it/1Am4,4
2023-12-22,The Road to El Dorado,2000,https://boxd.it/1W6s,2.5
2023-12-22,The Royal Tenenbaums,2001,https://boxd.it/1YHU,4
2023-12-22,X-Men Origins: Wolverine,2009,https://boxd.it/27ug,3
2023-12-22,The Talented Mr. Ripley,1999,https://boxd.it/2924,4
2023-12-22,Terminator 3: Rise of the Machines,2003,https://boxd.it/2aES,3.5
2023-12-22,Terminator 2: Judgment Day,1991,https://boxd.it/2aGY,3.5
2023-12-22,The Terminator,1984,https://boxd.it/2aQY,3.5
2023-12-22,Ted,2012,https://boxd.it/2pgc,2.5
2023-12-22,The Wolverine,2013,https://boxd.it/2CWU,3
2023-12-22,X-Men: Days of Future Past,2014,https://boxd.it/4aRw,3.5
2023-12-22,The Spectacular Now,2013,https://boxd.it/4VSG,3.5
2023-12-22,X-Men: Apocalypse,2016,https://boxd.it/7eJi,2
2023-12-22,Top Gun: Maverick,2022,https://boxd.it/cjr4,3.5
2023-12-22,Heart Blackened,2017,https://boxd.it/fwb0,3.5
2023-12-22,Passages,2023,https://boxd.it/xX9c,4
2023-12-22,Pirates of the Caribbean: The Curse of the Black Pearl,2003,https://boxd.it/70G,3
2023-12-22,Johnny English Reborn,2011,https://boxd.it/kQq,2.5
2023-12-22,Project X,2012,https://boxd.it/neO,2
2023-12-22,Kronk's New Groove,2005,https://boxd.it/1Qd8,2.5
2023-12-22,The Hurt Locker,2008,https://boxd.it/1Soi,3.5
2023-12-22,The Notebook,2004,https://boxd.it/1UNE,2.5
2023-12-22,The Prince of Egypt,1998,https://boxd.it/1XGQ,3
2023-12-22,Johnny English,2003,https://boxd.it/1YyI,2.5
2023-12-22,Ratatouille,2007,https://boxd.it/27ww,2.5
2023-12-22,Pirates of the Caribbean: On Stranger Tides,2011,https://boxd.it/27Z4,2
2023-12-22,Mr. & Mrs. Smith,2005,https://boxd.it/29CG,2
2023-12-22,Pulp Fiction,1994,https://boxd.it/29Pq,4.5
2023-12-22,Good Will Hunting,1997,https://boxd.it/2ahY,3.5
2023-12-22,The Pianist,2002,https://boxd.it/2aqc,4
2023-12-22,Pirates of the Caribbean: At World's End,2007,https://boxd.it/2aGu,2.5
2023-12-22,Scarface,1983,https://boxd.it/2b7g,4
2023-12-22,Pirates of the Caribbean: Dead Man's Chest,2006,https://boxd.it/2bfk,2.5
2023-12-22,The Grand Budapest Hotel,2014,https://boxd.it/3ZqO,3.5
2023-12-22,Prisoners,2013,https://boxd.it/4E5i,3.5
2023-12-22,Pirates of the Caribbean: Dead Men Tell No Tales,2017,https://boxd.it/5a9m,2.5
2023-12-22,mother!,2017,https://boxd.it/dgRU,5
2023-12-22,Johnny English Strikes Again,2018,https://boxd.it/gzGW,2
2023-12-22,Drive,2011,https://boxd.it/IG,4.5
2023-12-22,Contagion,2011,https://boxd.it/13rq,3.5
2023-12-22,The Emperor's New Groove,2000,https://boxd.it/1Tey,3.5
2023-12-22,Lilo & Stitch,2002,https://boxd.it/1TAY,3.5
2023-12-22,I Am Sam,2001,https://boxd.it/1V04,2.5
2023-12-22,Dr. Dolittle 2,2001,https://boxd.it/1Vlm,2
2023-12-22,The Chronicles of Narnia: The Voyage of the Dawn Treader,2010,https://boxd.it/1WZs,3
2023-12-22,Taken,2008,https://boxd.it/1ZXa,3
2023-12-22,Doctor Dolittle,1998,https://boxd.it/25RM,2.5
2023-12-22,The Chronicles of Narnia: Prince Caspian,2008,https://boxd.it/26Hy,3.5
2023-12-22,Lara Croft: Tomb Raider – The Cradle of Life,2003,https://boxd.it/27FS,3
2023-12-22,Lara Croft: Tomb Raider,2001,https://boxd.it/27G2,3
2023-12-22,The Da Vinci Code,2006,https://boxd.it/2a3i,2
2023-12-22,The Day After Tomorrow,2004,https://boxd.it/2aog,3.5
2023-12-22,Jurassic Park,1993,https://boxd.it/2aA2,3
2023-12-22,Batman Begins,2005,https://boxd.it/2aIg,4.5
2023-12-22,A Clockwork Orange,1971,https://boxd.it/2aVE,4.5
2023-12-22,The Conjuring,2013,https://boxd.it/4sr2,3
2023-12-22,Blue Ruin,2013,https://boxd.it/5H8G,4
2023-12-22,Incredibles 2,2018,https://boxd.it/7IPg,3.5
2023-12-22,The Martian,2015,https://boxd.it/8SeG,3.5
2023-12-22,Coco,2017,https://boxd.it/bYJQ,4
2023-12-22,Guy Ritchie's The Covenant,2023,https://boxd.it/xjcK,3
2023-12-22,Mission: Impossible – Ghost Protocol,2011,https://boxd.it/psI,3.5
2023-12-22,The Social Network,2010,https://boxd.it/17ue,3.5
2023-12-22,Easy A,2010,https://boxd.it/17DK,3
2023-12-22,The Sacrifice,1986,https://boxd.it/1xg8,4
2023-12-22,Toy Story 3,2010,https://boxd.it/1WRe,3.5
2023-12-22,The Exorcist,1973,https://boxd.it/1Yoo,3.5
2023-12-22,The Mummy Returns,2001,https://boxd.it/28cs,3.5
2023-12-22,Eraserhead,1977,https://boxd.it/299u,3.5
2023-12-22,Mission: Impossible III,2006,https://boxd.it/29cI,3.5
2023-12-22,Mission: Impossible II,2000,https://boxd.it/29cS,2.5
2023-12-22,Mission: Impossible,1996,https://boxd.it/29d2,4
2023-12-22,Toy Story,1995,https://boxd.it/29qA,4
2023-12-22,Wild Strawberries,1957,https://boxd.it/29ZU,5
2023-12-22,The Mummy,1999,https://boxd.it/2a7a,4
2023-12-22,"The Chronicles of Narnia: The Lion, the Witch and the Wardrobe",2005,https://boxd.it/2ark,3
2023-12-22,Dead Poets Society,1989,https://boxd.it/2aSg,3.5
2023-12-22,Mission: Impossible – Rogue Nation,2015,https://boxd.it/5rI4,3.5
2023-12-22,The Perfect Dictatorship,2014,https://boxd.it/7SFg,3
2023-12-22,The Theory of Everything,2014,https://boxd.it/7YtA,3
2023-12-22,Thor: Ragnarok,2017,https://boxd.it/8MHi,3.5
2023-12-22,The Woman in Black,2012,https://boxd.it/4wu,3.5
2023-12-22,The Lincoln Lawyer,2011,https://boxd.it/DRM,3.5
2023-12-22,The Help,2011,https://boxd.it/EDm,3.5
2023-12-22,Insidious,2010,https://boxd.it/H4k,4
2023-12-22,Dear John,2010,https://boxd.it/1zO2,2.5
2023-12-22,Clueless,1995,https://boxd.it/1Ygk,3.5
2023-12-22,Thir13en Ghosts,2001,https://boxd.it/1YPO,3.5
2023-12-22,The Curious Case of Benjamin Button,2008,https://boxd.it/23Fk,4
2023-12-22,The Game,1997,https://boxd.it/26vC,3.5
2023-12-22,Star Wars: Episode II – Attack of the Clones,2002,https://boxd.it/27V2,4
2023-12-22,Fear and Loathing in Las Vegas,1998,https://boxd.it/27Xs,4.5
2023-12-22,Mulholland Drive,2001,https://boxd.it/297o,4
2023-12-22,Who Framed Roger Rabbit,1988,https://boxd.it/29ry,4.5
2023-12-22,Titanic,1997,https://boxd.it/2a2k,3.5
2023-12-22,King Kong,2005,https://boxd.it/2aLa,3.5
2023-12-22,Sin City,2005,https://boxd.it/2aVk,4
2023-12-22,The Lord of the Rings: The Return of the King,2003,https://boxd.it/2b5u,4.5
2023-12-22,Star Wars: The Last Jedi,2017,https://boxd.it/5xme,3
2023-12-22,Lucy,2014,https://boxd.it/75hu,3
2023-12-22,Mission: Impossible – Fallout,2018,https://boxd.it/bSVc,3.5
2023-12-22,Parasite,2019,https://boxd.it/hTha,4.5
2023-12-22,The Girl with the Dragon Tattoo,2011,https://boxd.it/2Pa,4.5
2023-12-22,Star Wars,1977,https://boxd.it/72s,4
2023-12-22,Brother Bear 2,2006,https://boxd.it/1Xji,2
2023-12-22,Brother Bear,2003,https://boxd.it/1Xjs,2.5
2023-12-22,A Bug's Life,1998,https://boxd.it/1Yyy,3
2023-12-22,The Machinist,2004,https://boxd.it/248c,3.5
2023-12-22,"I, Robot",2004,https://boxd.it/27y8,3
2023-12-22,The Butterfly Effect,2004,https://boxd.it/27M0,3
2023-12-22,Zodiac,2007,https://boxd.it/27MO,3.5
2023-12-22,Star Wars: Episode III – Revenge of the Sith,2005,https://boxd.it/27US,4.5
2023-12-22,Star Wars: Episode I – The Phantom Menace,1999,https://boxd.it/27Vc,3.5
2023-12-22,Return of the Jedi,1983,https://boxd.it/27Vm,4
2023-12-22,The Empire Strikes Back,1980,https://boxd.it/27Vw,4
2023-12-22,Captain America: The First Avenger,2011,https://boxd.it/28b0,3
2023-12-22,Secret Window,2004,https://boxd.it/28xq,3
2023-12-22,The Sixth Sense,1999,https://boxd.it/29Js,4
2023-12-22,Catch Me If You Can,2002,https://boxd.it/29VS,3.5
2023-12-22,Captain America: The Winter Soldier,2014,https://boxd.it/3r58,3.5
2023-12-22,Star Wars: The Force Awakens,2015,https://boxd.it/4vru,4.5
2023-12-22,Gone Girl,2014,https://boxd.it/6hQu,4.5
2023-12-22,Nightcrawler,2014,https://boxd.it/780m,4.5
2023-12-22,I Origins,2014,https://boxd.it/7aRM,4
2023-12-22,Captain America: Civil War,2016,https://boxd.it/89Ja,3.5
2023-12-22,Free Solo,2018,https://boxd.it/iEEq,4
2023-12-22,The Blind Side,2009,https://boxd.it/1zWg,3
2023-12-22,The Road,2009,https://boxd.it/1CWI,4
2023-12-22,No Country for Old Men,2007,https://boxd.it/21ew,4.5
2023-12-22,Bambi,1942,https://boxd.it/25AQ,3.5
2023-12-22,Y Tu Mamá También,2001,https://boxd.it/28QM,4
2023-12-22,Babel,2006,https://boxd.it/292o,3
2023-12-22,Requiem for a Dream,2000,https://boxd.it/29VI,4.5
2023-12-22,A Beautiful Mind,2001,https://boxd.it/2amk,3.5
2023-12-22,Batman Forever,1995,https://boxd.it/2ara,2.5
2023-12-22,Batman Returns,1992,https://boxd.it/2awa,3.5
2023-12-22,Batman,1989,https://boxd.it/2aIU,3
2023-12-22,The Godfather,1972,https://boxd.it/2aNK,4
2023-12-22,Back to the Future Part III,1990,https://boxd.it/2aTS,3
2023-12-22,Back to the Future Part II,1989,https://boxd.it/2aYI,3
2023-12-22,The Big Lebowski,1998,https://boxd.it/2b6C,4
2023-12-22,Back to the Future,1985,https://boxd.it/2b8e,4
2023-12-22,Short Term 12,2013,https://boxd.it/5f6s,4.5
2023-12-22,Black Panther,2018,https://boxd.it/8MHs,3
2023-12-22,Burning,2018,https://boxd.it/hHUa,4.5
2023-12-22,Triangle of Sadness,2022,https://boxd.it/hXlq,4
2023-12-22,The Guilty,2021,https://boxd.it/kOPW,3
2023-12-22,CODA,2021,https://boxd.it/tbf4,3
2023-12-22,Men in Black 3,2012,https://boxd.it/103U,3.5
2023-12-22,The Avengers,2012,https://boxd.it/1xFW,2.5
2023-12-22,TRON: Legacy,2010,https://boxd.it/1Dlo,2.5
2023-12-22,Antichrist,2009,https://boxd.it/1Inu,2.5
2023-12-22,Hannibal,2001,https://boxd.it/1XVc,3.5
2023-12-22,Red Dragon,2002,https://boxd.it/1Yrs,4.5
2023-12-22,The Addams Family,1991,https://boxd.it/267g,3
2023-12-22,American Psycho,2000,https://boxd.it/28Vs,4
2023-12-22,Men in Black II,2002,https://boxd.it/2a0y,2.5
2023-12-22,Men in Black,1997,https://boxd.it/2a0I,3.5
2023-12-22,The Matrix Revolutions,2003,https://boxd.it/2a12,3.5
2023-12-22,The Matrix Reloaded,2003,https://boxd.it/2a1c,4
2023-12-22,The Matrix,1999,https://boxd.it/2a1m,4.5
2023-12-22,Amores Perros,2000,https://boxd.it/2bfu,4.5
2023-12-22,Argo,2012,https://boxd.it/2czU,4.5
2023-12-22,Mad Max: Fury Road,2015,https://boxd.it/2DjO,4.5
2023-12-22,Avengers: Age of Ultron,2015,https://boxd.it/3qi6,2.5
2023-12-22,John Wick,2014,https://boxd.it/7dEc,4
2023-12-22,The Treatment,2014,https://boxd.it/7mRY,4.5
2023-12-22,Avengers: Infinity War,2018,https://boxd.it/9vEe,3
2023-12-22,John Wick: Chapter 2,2017,https://boxd.it/ayGu,4
2023-12-22,John Wick: Chapter 3 – Parabellum,2019,https://boxd.it/gmFw,4
2023-12-22,Pather Panchali,1955,https://boxd.it/22yC,4.5
2023-12-22,28 Weeks Later,2007,https://boxd.it/28Bi,2.5
2023-12-22,Aladdin,1992,https://boxd.it/29yE,4
2023-12-22,Harry Potter and the Half-Blood Prince,2009,https://boxd.it/29FU,3.5
2023-12-22,Harry Potter and the Order of the Phoenix,2007,https://boxd.it/29Qe,3.5
2023-12-22,Harry Potter and the Goblet of Fire,2005,https://boxd.it/29Qo,4
2023-12-22,Harry Potter and the Prisoner of Azkaban,2004,https://boxd.it/29Qy,4.5
2023-12-22,Harry Potter and the Chamber of Secrets,2002,https://boxd.it/29QI,4.5
2023-12-22,Harry Potter and the Philosopher's Stone,2001,https://boxd.it/29QS,4
2023-12-22,21 Grams,2003,https://boxd.it/2ajK,4
2023-12-22,The Silence of the Lambs,1991,https://boxd.it/2aHW,4.5
2023-12-22,28 Days Later,2002,https://boxd.it/2aXU,3.5
2023-12-22,12 Years a Slave,2013,https://boxd.it/2D2e,3.5
2023-12-22,Compliance,2012,https://boxd.it/2XNE,3.5
2023-12-22,Side Effects,2013,https://boxd.it/3GA6,3.5
2023-12-22,Room,2015,https://boxd.it/7T0y,4
2023-12-22,The Revenant,2015,https://boxd.it/8H5e,4.5
2023-12-22,The Big Short,2015,https://boxd.it/ajZw,4
2023-12-22,Manchester by the Sea,2016,https://boxd.it/b2L0,4
2023-12-22,Molly's Game,2017,https://boxd.it/dSl8,4
2023-12-22,Once Upon a Time... in Hollywood,2019,https://boxd.it/gH0O,4
2023-12-22,No One Will Save You,2023,https://boxd.it/uUO6,2
2023-12-22,The King's Speech,2010,https://boxd.it/dX0,3.5
2023-12-22,Skyfall,2012,https://boxd.it/17Fc,4.5
2023-12-22,Die Another Day,2002,https://boxd.it/1a5G,3.5
2023-12-22,Quantum of Solace,2008,https://boxd.it/1Vs8,3.5
2023-12-22,The Iron Giant,1999,https://boxd.it/1Wow,4.5
2023-12-22,The Italian Job,2003,https://boxd.it/1Y86,4.5
2023-12-22,Into the Wild,2007,https://boxd.it/22m2,4.5
2023-12-22,The Bourne Ultimatum,2007,https://boxd.it/26Eu,4
2023-12-22,The Bourne Supremacy,2004,https://boxd.it/26EE,3.5
2023-12-22,The Bourne Identity,2002,https://boxd.it/26EO,3.5
2023-12-22,Indiana Jones and the Kingdom of the Crystal Skull,2008,https://boxd.it/2aR8,3
2023-12-22,Indiana Jones and the Last Crusade,1989,https://boxd.it/2baO,4
2023-12-22,Indiana Jones and the Temple of Doom,1984,https://boxd.it/2bb8,4
2023-12-22,Raiders of the Lost Ark,1981,https://boxd.it/2bbs,4.5
2023-12-22,Filth,2013,https://boxd.it/32NY,4
2023-12-22,Spectre,2015,https://boxd.it/6bXY,4
2023-12-22,Killers of the Flower Moon,2023,https://boxd.it/gHp0,4
2023-12-22,Hereditary,2018,https://boxd.it/hNVe,4.5
2023-12-22,Enola Holmes,2020,https://boxd.it/hX2o,3
2023-12-22,Greyhound,2020,https://boxd.it/iIaE,3
2023-12-22,Fried Barry,2020,https://boxd.it/qVtK,3.5
2023-12-22,Leave the World Behind,2023,https://boxd.it/re0i,3
2023-12-22,Birth/Rebirth,2023,https://boxd.it/E34E,4
2023-12-22,La Dolce Vita,1960,https://boxd.it/2anC,4.5
2023-12-22,Casablanca,1942,https://boxd.it/2aG0,4
2023-12-22,Don't Look Up,2021,https://boxd.it/o0Hc,3.5
2023-12-22,The Equalizer 3,2023,https://boxd.it/yU54,3
2023-12-22,Harry Potter and the Deathly Hallows: Part 1,2010,https://boxd.it/1RYu,3.5
2023-12-22,Coherence,2013,https://boxd.it/6xza,4
2023-12-22,Starry Eyes,2014,https://boxd.it/7t3Q,4
2023-12-22,All These Sleepless Nights,2016,https://boxd.it/d55U,4.5
2023-12-22,Green Room,2015,https://boxd.it/a75m,3.5
2023-12-22,Cinema Paradiso,1988,https://boxd.it/1UlA,4.5
2023-12-22,City of God,2002,https://boxd.it/2a2a,4.5
2023-12-22,Elysium,2013,https://boxd.it/2cBm,3
2023-12-22,Anatomy of a Fall,2023,https://boxd.it/yuDE,4.5
2023-12-22,The Invisible Man,2020,https://boxd.it/kWlA,3.5
2023-12-22,Arctic,2018,https://boxd.it/gc1Q,3
2023-12-22,Revenge,2017,https://boxd.it/gL9g,3
2023-12-23,We Need to Talk About Kevin,2011,https://boxd.it/2pTS,4
2023-12-23,Casino Royale,2006,https://boxd.it/1alk,4.5
2023-12-23,Herbie Fully Loaded,2005,https://boxd.it/1TP0,3
2023-12-23,Van Helsing,2004,https://boxd.it/21aa,3
2023-12-23,The Punisher,2004,https://boxd.it/217g,3
2023-12-23,The Virgin Suicides,1999,https://boxd.it/28JG,3
2023-12-23,Dunkirk,2017,https://boxd.it/d0Y6,4
2023-12-23,1917,2019,https://boxd.it/jj4y,4.5
2023-12-23,Hounds of Love,2016,https://boxd.it/enoi,4.5
2023-12-23,Mosul,2019,https://boxd.it/mRBW,4
2023-12-23,The Killing of a Sacred Deer,2017,https://boxd.it/dZ5G,4.5
2023-12-23,Hellbender,2021,https://boxd.it/w1Im,4
2023-12-23,Midsommar,2019,https://boxd.it/jhxe,4.5
2023-12-23,Snowtown,2011,https://boxd.it/2f1Q,4
2023-12-23,The Handmaiden,2016,https://boxd.it/948A,4.5
2023-12-23,Her,2013,https://boxd.it/4O24,4
2023-12-23,Juno,2007,https://boxd.it/210a,3.5
2023-12-23,Batman & Robin,1997,https://boxd.it/2ar0,2
2023-12-23,Star Wars: The Rise of Skywalker,2019,https://boxd.it/5xlK,3
2023-12-23,Hannibal Rising,2007,https://boxd.it/2916,1.5
2023-12-23,Ghost Rider,2007,https://boxd.it/290M,1
2023-12-23,Death on the Nile,2022,https://boxd.it/ifpg,2
2023-12-23,Spring Breakers,2012,https://boxd.it/421s,3
2023-12-24,The Wailing,2016,https://boxd.it/9fLy,4
2023-12-24,Children of Men,2006,https://boxd.it/1Y2i,4
2023-12-24,Chernobyl,2019,https://boxd.it/mkbG,4.5
2023-12-25,Decision to Leave,2022,https://boxd.it/qp9e,4.5
2023-12-25,Portrait of a Lady on Fire,2019,https://boxd.it/jkPq,5
2023-12-25,Sanctuary,2022,https://boxd.it/wPKW,2
2023-12-25,Baywatch,2017,https://boxd.it/biG6,0.5
2023-12-26,Leviathan,2014,https://boxd.it/7Ub8,4.5
2023-12-26,Incendies,2010,https://boxd.it/Msm,4.5
2023-12-27,I Know This Much Is True,2020,https://boxd.it/pVeo,5
2023-12-27,The Young Pope,2016,https://boxd.it/g3y2,4.5
2023-12-27,Oldboy,2003,https://boxd.it/29R2,4
2023-12-27,Sick of Myself,2022,https://boxd.it/tEzs,4.5
2023-12-28,Twin Peaks: The Return,2017,https://boxd.it/hN9O,5
2023-12-28,A Separation,2011,https://boxd.it/gvo,4.5
2023-12-29,Pan's Labyrinth,2006,https://boxd.it/28No,4.5
2023-12-29,The Void,2016,https://boxd.it/d93S,3
2023-12-29,Irma Vep,2022,https://boxd.it/BbgC,5
2023-12-29,Les Misérables,2012,https://boxd.it/2TT4,4.5
2023-12-29,Les Misérables,2018,https://boxd.it/hTKm,4
2023-12-29,Mare of Easttown,2021,https://boxd.it/u2h8,4.5
2023-12-29,The Night Of,2016,https://boxd.it/eC1I,4.5
2023-12-29,Nine Perfect Strangers,2021,https://boxd.it/vEFY,3
2023-12-29,The Playlist,2022,https://boxd.it/DaoE,3
2023-12-29,The Queen's Gambit,2020,https://boxd.it/s1Ym,3.5
2023-12-29,Quicksand,2019,https://boxd.it/zLDe,3
2023-12-29,Scenes from a Marriage,2021,https://boxd.it/wzSU,4.5
2023-12-29,Sharp Objects,2018,https://boxd.it/j3NM,5
2023-12-29,Swarm,2023,https://boxd.it/FIFe,4.5
2023-12-29,Wild Wild Country,2018,https://boxd.it/j1P2,3
2023-12-29,Years and Years,2019,https://boxd.it/meLI,4
2023-12-29,Your Honor,2020,https://boxd.it/sBBe,2
2023-12-29,ZeroZeroZero,2020,https://boxd.it/pLDe,4.5
2023-12-29,The Haunting of Hill House,2018,https://boxd.it/kfJ0,4
2023-12-29,The Tourist,2022,https://boxd.it/yNci,3.5
2023-12-29,The Fall of the House of Usher,2023,https://boxd.it/IWYg,3
2023-12-29,Drops of God,2023,https://boxd.it/GY3M,4.5
2023-12-29,The Dropout,2022,https://boxd.it/zilg,3
2023-12-29,The Devil's Hour,2022,https://boxd.it/DxFS,3
2023-12-29,Daisy Jones & the Six,2023,https://boxd.it/FmyA,3.5
2023-12-29,Caliphate,2020,https://boxd.it/q7vG,4.5
2023-12-29,Bodyguard,2018,https://boxd.it/vC2U,3.5
2023-12-29,Black Bird,2022,https://boxd.it/BCSe,3
2023-12-29,BEEF,2023,https://boxd.it/FPsm,2.5
2023-12-30,Kick-Ass,2010,https://boxd.it/1zaQ,3.5
2023-12-30,Mommy,2014,https://boxd.it/7Uau,5
2023-12-30,Harry Potter and the Deathly Hallows: Part 2,2011,https://boxd.it/1RYk,4
2024-01-02,127 Hours,2010,https://boxd.it/SLa,3.5
2024-02-04,Red Rooms,2023,https://boxd.it/ym4c,4
2024-02-04,The Worst Person in the World,2021,https://boxd.it/oyws,4
2024-02-05,Beau Is Afraid,2023,https://boxd.it/u2gE,4.5
2024-02-05,Dream Scenario,2023,https://boxd.it/v2h0,3.5
2024-02-06,A Woman Under the Influence,1974,https://boxd.it/1myg,4
2024-02-13,The Curse,2023,https://boxd.it/IWYq,5
2024-06-10,Civil War,2024,https://boxd.it/z1jW,3.5
2024-08-13,Under the Skin,2013,https://boxd.it/3mDa,5
2024-11-10,The Substance,2024,https://boxd.it/zanS,1
2024-11-10,Late Night with the Devil,2023,https://boxd.it/zo6G,3.5
2024-11-11,How to Have Sex,2023,https://boxd.it/EFIM,3.5
2024-11-16,Threads,1984,https://boxd.it/1I0g,3.5
2024-11-17,Longlegs,2024,https://boxd.it/KzLM,2.5
2024-11-17,The Five Devils,2022,https://boxd.it/uVsA,4
2024-11-17,Watcher,2022,https://boxd.it/uocO,3.5
2024-11-17,No Time to Die,2021,https://boxd.it/cPX2,3.5
2024-11-17,The North Water,2021,https://boxd.it/q0nq,5
2024-11-17,New Order,2020,https://boxd.it/l8cg,0.5
2024-11-17,The Burnt Orange Heresy,2019,https://boxd.it/kMMc,2.5
2024-11-17,The Choice,2016,https://boxd.it/aPyC,2.5
2024-11-17,I Saw the Devil,2010,https://boxd.it/FaK,5
2024-11-17,Disturbia,2007,https://boxd.it/20rk,3
2024-11-17,A Girl Walks Home Alone at Night,2014,https://boxd.it/7nZE,5
2024-11-20,Warm Bodies,2013,https://boxd.it/2TFm,3
2024-11-20,Euphoria: Trouble Don't Last Always,2020,https://boxd.it/ta4a,4
2024-11-20,Pearl,2022,https://boxd.it/zPbe,4
2024-11-20,The Pursuit of Happyness,2006,https://boxd.it/28PE,2
2024-11-22,Dune: Part Two,2024,https://boxd.it/pUfA,3
2024-12-13,Oddity,2024,https://boxd.it/K9pg,3.5
2024-12-25,Juror #2,2024,https://boxd.it/FRwU,3
2024-12-25,Poor Things,2023,https://boxd.it/tNWU,4.5
2024-12-25,American Fiction,2023,https://boxd.it/DYHm,4
2024-12-27,First Reformed,2017,https://boxd.it/go9C,4.5
2024-12-27,The Best Exotic Marigold Hotel,2011,https://boxd.it/2AJu,3.5
2025-01-04,Anora,2024,https://boxd.it/Egcw,3.5
2025-01-05,Through a Glass Darkly,1961,https://boxd.it/1TrW,4.5
2025-01-05,Hour of the Wolf,1968,https://boxd.it/1H9G,4.5
2025-01-05,Woman of the Hour,2023,https://boxd.it/vuz2,2
2025-01-06,Caché,2005,https://boxd.it/2amY,4.5
2025-01-07,Ivan's Childhood,1962,https://boxd.it/1j6y,4.5
2025-01-19,Saltburn,2023,https://boxd.it/z4eg,0.5
2025-01-24,Before Sunrise,1995,https://boxd.it/2bcU,4.5
2025-01-24,Before Sunset,2004,https://boxd.it/2bcg,4.5
2025-01-26,Conclave,2024,https://boxd.it/AO8q,4
2025-01-27,Alice in the Cities,1974,https://boxd.it/27cG,5
2025-02-16,Disclaimer,2024,https://boxd.it/PDv4,3.5
