Date,Name,Year,Letterboxd URI
2020-07-24,Knives Out,2019,https://boxd.it/jWEA
2020-07-24,Joker,2019,https://boxd.it/h4cS
2020-07-24,Fight Club,1999,https://boxd.it/2a9q
2020-07-24,Once Upon a Time... in Hollywood,2019,https://boxd.it/gH0O
2020-07-24,The Dark Knight,2008,https://boxd.it/2b0k
2020-07-24,Through a Glass Darkly,1961,https://boxd.it/1TrW
2020-07-24,The Magician,1958,https://boxd.it/1nse
2020-07-24,Shame,1968,https://boxd.it/1tZo
2020-07-24,The Shining,1980,https://boxd.it/29Nu
2020-07-24,Arrival,2016,https://boxd.it/aNGk
2020-07-24,The Wolf of Wall Street,2013,https://boxd.it/3C1m
2020-07-24,Nightcrawler,2014,https://boxd.it/780m
2020-07-24,Stalker,1979,https://boxd.it/28PO
2020-07-24,Mirror,1975,https://boxd.it/28Q8
2020-07-24,Andrei Rublev,1966,https://boxd.it/29lg
2020-07-24,Parasite,2019,https://boxd.it/hTha
2020-07-24,Inception,2010,https://boxd.it/1skk
2020-07-24,Midsommar,2019,https://boxd.it/jhxe
2020-07-24,Pulp Fiction,1994,https://boxd.it/29Pq
2020-07-24,Belle de Jour,1967,https://boxd.it/29Uq
2020-07-24,The Discreet Charm of the Bourgeoisie,1972,https://boxd.it/2440
2020-07-24,The Exterminating Angel,1962,https://boxd.it/1nRS
2020-07-24,That Obscure Object of Desire,1977,https://boxd.it/22zg
2020-07-24,Viridiana,1961,https://boxd.it/24eE
2020-07-24,The Great Beauty,2013,https://boxd.it/5ty6
2020-07-24,Youth,2015,https://boxd.it/9Y7S
2020-07-24,Loro,2018,https://boxd.it/jKqw
2020-07-24,The New Pope,2020,https://boxd.it/oWDC
2020-07-24,Fanny and Alexander,1982,https://boxd.it/22go
2020-07-24,The Shawshank Redemption,1994,https://boxd.it/2aHi
2020-07-24,Inglourious Basterds,2009,https://boxd.it/1JzG
2020-07-24,Django Unchained,2012,https://boxd.it/2cCk
2020-07-24,La Dolce Vita,1960,https://boxd.it/2anC
2020-07-24,Au Revoir les Enfants,1987,https://boxd.it/288U
2020-07-24,Watchmen,2009,https://boxd.it/1QE4
2020-07-24,There Will Be Blood,2007,https://boxd.it/20Z2
2020-07-24,The Tree of Life,2011,https://boxd.it/1Zu8
2020-07-24,Requiem for a Dream,2000,https://boxd.it/29VI
2020-07-24,Memento,2000,https://boxd.it/2bcK
2020-07-24,The Young Girls of Rochefort,1967,https://boxd.it/26K8
2020-07-24,Pierrot le Fou,1965,https://boxd.it/26j2
2020-07-24,Band of Outsiders,1964,https://boxd.it/20Aw
2020-07-24,Cul-de-sac,1966,https://boxd.it/23QW
2020-07-24,Harry Potter and the Prisoner of Azkaban,2004,https://boxd.it/29Qy
2020-07-24,Harry Potter and the Philosopher's Stone,2001,https://boxd.it/29QS
2020-07-24,Harry Potter and the Deathly Hallows: Part 2,2011,https://boxd.it/1RYk
2020-07-24,Harry Potter and the Chamber of Secrets,2002,https://boxd.it/29QI
2020-07-24,Harry Potter and the Goblet of Fire,2005,https://boxd.it/29Qo
2020-07-24,Harry Potter and the Deathly Hallows: Part 1,2010,https://boxd.it/1RYu
2020-07-24,Harry Potter and the Order of the Phoenix,2007,https://boxd.it/29Qe
2020-07-24,Harry Potter and the Half-Blood Prince,2009,https://boxd.it/29FU
2020-07-24,The Lord of the Rings: The Fellowship of the Ring,2001,https://boxd.it/2b5O
2020-07-24,The Lord of the Rings: The Return of the King,2003,https://boxd.it/2b5u
2020-07-24,The Lord of the Rings: The Two Towers,2002,https://boxd.it/2b5E
2020-07-25,Primer,2004,https://boxd.it/6YA
2020-07-25,Upstream Color,2013,https://boxd.it/4Cwc
2020-07-25,The Truman Show,1998,https://boxd.it/18U8
2020-07-25,Interstellar,2014,https://boxd.it/4VZ8
2020-07-25,The Imitation Game,2014,https://boxd.it/6aig
2020-07-25,The Royal Tenenbaums,2001,https://boxd.it/1YHU
2020-07-25,The Grand Budapest Hotel,2014,https://boxd.it/3ZqO
2020-07-25,Moonrise Kingdom,2012,https://boxd.it/2Wng
2020-07-25,The Darjeeling Limited,2007,https://boxd.it/24as
2020-07-25,Pather Panchali,1955,https://boxd.it/22yC
2020-07-25,Apur Sansar,1959,https://boxd.it/29l6
2020-07-25,All That Jazz,1979,https://boxd.it/1JB8
2020-07-25,Key Largo,1948,https://boxd.it/1UQS
2020-07-25,To Have and Have Not,1944,https://boxd.it/1Am4
2020-07-25,Casablanca,1942,https://boxd.it/2aG0
2020-07-25,The Maltese Falcon,1941,https://boxd.it/29c4
2020-07-30,The Virgin Spring,1960,https://boxd.it/1TjI
2022-03-22,In the Earth,2021,https://boxd.it/s652
2022-03-22,Come and See,1985,https://boxd.it/1w9q
2022-03-22,Mandy,2018,https://boxd.it/gtti
2022-03-22,Possessor,2020,https://boxd.it/fsJW
2022-03-22,Birdman or (The Unexpected Virtue of Ignorance),2014,https://boxd.it/5RFA
2022-03-22,The Death of Stalin,2017,https://boxd.it/ea9Y
2022-03-22,Nocturnal Animals,2016,https://boxd.it/bkFu
2022-03-22,Nightmare Alley,2021,https://boxd.it/m0HC
2022-03-22,Enter the Void,2009,https://boxd.it/1dy2
2022-03-22,8½,1963,https://boxd.it/2aqm
2022-03-22,Persona,1966,https://boxd.it/29B4
2022-03-22,The House That Jack Built,2018,https://boxd.it/dWO4
2022-03-22,The Killing of a Sacred Deer,2017,https://boxd.it/dZ5G
2022-03-22,The Lighthouse,2019,https://boxd.it/icFU
2022-03-22,Hereditary,2018,https://boxd.it/hNVe
2022-03-22,Kill List,2011,https://boxd.it/2z4g
2022-03-22,The Witch,2015,https://boxd.it/9X0m
2022-03-22,Titane,2021,https://boxd.it/nlQC
2022-03-22,Antichrist,2009,https://boxd.it/1Inu
2022-03-22,A Dark Song,2016,https://boxd.it/epo0
2022-03-22,Mulholland Drive,2001,https://boxd.it/297o
2022-03-22,Black Swan,2010,https://boxd.it/Sw0
2022-03-22,We Need to Talk About Kevin,2011,https://boxd.it/2pTS
2022-03-22,10 Cloverfield Lane,2016,https://boxd.it/aZiu
2022-03-22,Get Out,2017,https://boxd.it/eOCm
2022-03-22,Green Room,2015,https://boxd.it/a75m
2022-03-22,Saint Maud,2019,https://boxd.it/l8QA
2022-03-22,Drive,2011,https://boxd.it/IG
2022-03-22,Don't Look Up,2021,https://boxd.it/o0Hc
2022-03-22,Southbound,2015,https://boxd.it/bX3Y
2022-03-22,Train to Busan,2016,https://boxd.it/dSQU
2022-03-22,Hellbender,2021,https://boxd.it/w1Im
2022-03-22,Fresh,2022,https://boxd.it/tCNi
2022-03-22,Van Helsing,2004,https://boxd.it/21aa
2022-03-22,Tenet,2020,https://boxd.it/leq4
2022-03-22,The Machinist,2004,https://boxd.it/248c
2022-03-22,Shutter Island,2010,https://boxd.it/1U82
2022-03-23,The Night House,2020,https://boxd.it/jZze
2022-03-23,Bone Tomahawk,2015,https://boxd.it/9kiw
2022-03-23,Zombieland,2009,https://boxd.it/1En6
2022-03-23,Do You Trust this Computer?,2018,https://boxd.it/iIbW
2022-03-23,The Unforgivable,2021,https://boxd.it/nZ4e
2022-03-23,The Social Dilemma,2020,https://boxd.it/opQI
2022-03-23,The Lost Daughter,2021,https://boxd.it/kgww
2022-03-23,New Order,2020,https://boxd.it/l8cg
2022-03-23,Ex Machina,2015,https://boxd.it/7T2k
2022-03-23,Prometheus,2012,https://boxd.it/2s9e
2022-03-23,Blade Runner 2049,2017,https://boxd.it/b8wK
2022-03-23,Blue Jay,2016,https://boxd.it/enEq
2022-03-23,CODA,2021,https://boxd.it/tbf4
2022-03-23,Mother/Android,2021,https://boxd.it/rKEk
2022-03-23,The Last Duel,2021,https://boxd.it/mQbe
2022-03-23,Violation,2020,https://boxd.it/rk2O
2022-03-23,Land,2021,https://boxd.it/m5b2
2022-03-23,The Ritual,2017,https://boxd.it/fo0I
2022-03-24,The Endless,2017,https://boxd.it/ffyw
2022-03-31,I Care a Lot,2020,https://boxd.it/mcHk
2022-03-31,She Dies Tomorrow,2020,https://boxd.it/oIuG
2022-03-31,Lapsis,2020,https://boxd.it/oMAo
2022-03-31,Relic,2020,https://boxd.it/jEwS
2022-03-31,The Marksman,2021,https://boxd.it/nwpC
2022-03-31,Wrath of Man,2021,https://boxd.it/nEia
2022-03-31,Baskin,2015,https://boxd.it/b24U
2022-03-31,The Ice Road,2021,https://boxd.it/o0C2
2022-03-31,Harpoon,2019,https://boxd.it/l4Vw
2022-03-31,All These Sleepless Nights,2016,https://boxd.it/d55U
2022-03-31,Starry Eyes,2014,https://boxd.it/7t3Q
2022-04-04,Warning,2021,https://boxd.it/lrko
2022-04-04,The Harder They Fall,2021,https://boxd.it/mRCU
2022-04-04,Tucker and Dale vs. Evil,2010,https://boxd.it/Mce
2022-04-04,It Comes at Night,2017,https://boxd.it/eLuk
2022-04-05,Color Out of Space,2019,https://boxd.it/k1HY
2022-04-05,Annihilation,2018,https://boxd.it/9yzm
2022-04-05,The Cabin in the Woods,2011,https://boxd.it/1zOc
2022-04-07,Moonfall,2022,https://boxd.it/ejwM
2022-04-08,Hounds of Love,2016,https://boxd.it/enoi
2022-04-08,Minor Premise,2020,https://boxd.it/oBew
2022-04-09,Whiplash,2014,https://boxd.it/7bQA
2022-04-09,Snowtown,2011,https://boxd.it/2f1Q
2022-04-10,Blood Red Sky,2021,https://boxd.it/sArW
2023-12-11,Slumdog Millionaire,2008,https://boxd.it/1S3E
2023-12-11,The Aristocats,1970,https://boxd.it/1X3Y
2023-12-11,Martyrs,2008,https://boxd.it/1Yqu
2023-12-11,Eastern Promises,2007,https://boxd.it/275q
2023-12-11,Hellboy,2004,https://boxd.it/28HK
2023-12-11,Blue Velvet,1986,https://boxd.it/29BI
2023-12-11,Gattaca,1997,https://boxd.it/29Du
2023-12-11,Trainspotting,1996,https://boxd.it/29XY
2023-12-11,Trance,2013,https://boxd.it/2cAS
2023-12-11,Next Floor,2008,https://boxd.it/3psY
2023-12-11,Inside Out,2015,https://boxd.it/4KHC
2023-12-11,Sicario,2015,https://boxd.it/8i7u
2023-12-11,Suspiria,2018,https://boxd.it/cioI
2023-12-11,Death on the Nile,2022,https://boxd.it/ifpg
2023-12-11,Emma.,2020,https://boxd.it/kmg0
2023-12-11,Another Round,2020,https://boxd.it/lkba
2023-12-11,When Evil Lurks,2023,https://boxd.it/rXBe
2023-12-11,The Outwaters,2022,https://boxd.it/sgjS
2023-12-11,Beau Is Afraid,2023,https://boxd.it/u2gE
2023-12-11,Oppenheimer,2023,https://boxd.it/wUow
2023-12-11,You Won't Be Alone,2022,https://boxd.it/xjIG
2023-12-11,A Wounded Fawn,2022,https://boxd.it/Aqui
2023-12-11,The Dark Knight Rises,2012,https://boxd.it/H3m
2023-12-11,Dazed and Confused,1993,https://boxd.it/1Ylk
2023-12-11,Disturbia,2007,https://boxd.it/20rk
2023-12-11,Blood Diamond,2006,https://boxd.it/28Tm
2023-12-11,Being John Malkovich,1999,https://boxd.it/2ahu
2023-12-11,Donnie Darko,2001,https://boxd.it/2b2A
2023-12-11,Dirty Dancing,1987,https://boxd.it/2baY
2023-12-11,After Lucia,2012,https://boxd.it/491O
2023-12-11,American Sniper,2014,https://boxd.it/5LDy
2023-12-11,The Babadook,2014,https://boxd.it/77xu
2023-12-11,Black Mass,2015,https://boxd.it/7K2g
2023-12-11,Deepwater Horizon,2016,https://boxd.it/9oiU
2023-12-11,Dunkirk,2017,https://boxd.it/d0Y6
2023-12-11,Black Widow,2021,https://boxd.it/hWV8
2023-12-11,Amulet,2020,https://boxd.it/oikq
2023-12-11,The Innocents,2021,https://boxd.it/oAlc
2023-12-11,Here Before,2021,https://boxd.it/oVbs
2023-12-11,Watcher,2022,https://boxd.it/uocO
2023-12-11,American Beauty,1999,https://boxd.it/71Y
2023-12-11,Pineapple Express,2008,https://boxd.it/1WRS
2023-12-11,The Abyss,1989,https://boxd.it/26mK
2023-12-11,Twin Peaks: Fire Walk with Me,1992,https://boxd.it/27Qw
2023-12-11,Pan's Labyrinth,2006,https://boxd.it/28No
2023-12-11,Coherence,2013,https://boxd.it/6xza
2023-12-11,Time Share,2018,https://boxd.it/dwUg
2023-12-11,The Square,2017,https://boxd.it/e5YW
2023-12-11,Dune,2021,https://boxd.it/fA7G
2023-12-11,Come True,2020,https://boxd.it/iG90
2023-12-11,Daniel Isn't Real,2019,https://boxd.it/jAx8
2023-12-11,Everything Everywhere All at Once,2022,https://boxd.it/jUk4
2023-12-11,Anima,2019,https://boxd.it/mxuc
2023-12-11,Mosul,2019,https://boxd.it/mRBW
2023-12-11,Infinity Pool,2023,https://boxd.it/oPSK
2023-12-11,The Adam Project,2022,https://boxd.it/q2Dg
2023-12-11,X,2022,https://boxd.it/sxVa
2023-12-11,Barbarian,2022,https://boxd.it/yohi
2023-12-11,The Secret Garden,1993,https://boxd.it/1Uim
2023-12-11,Cinema Paradiso,1988,https://boxd.it/1UlA
2023-12-11,City of God,2002,https://boxd.it/2a2a
2023-12-11,Cruella,2021,https://boxd.it/bbKg
2023-12-11,Synchronic,2019,https://boxd.it/k3M2
2023-12-11,Adventureland,2009,https://boxd.it/1JTQ
2023-12-11,Herbie Fully Loaded,2005,https://boxd.it/1TP0
2023-12-11,Perfume: The Story of a Murderer,2006,https://boxd.it/28LW
2023-12-11,300,2006,https://boxd.it/28XI
2023-12-11,The Perks of Being a Wallflower,2012,https://boxd.it/2ZA8
2023-12-11,The Place Beyond the Pines,2012,https://boxd.it/3mDu
2023-12-11,Zero Dark Thirty,2012,https://boxd.it/3n1w
2023-12-11,Logan,2017,https://boxd.it/7Piy
2023-12-11,Rogue One: A Star Wars Story,2016,https://boxd.it/aPvy
2023-12-11,Greenland,2020,https://boxd.it/j1Um
2023-12-11,Dark Waters,2019,https://boxd.it/kaYu
2023-12-11,The Invisible Man,2020,https://boxd.it/kWlA
2023-12-11,Pig,2021,https://boxd.it/nzoW
2023-12-11,Supernova,2020,https://boxd.it/nQ6K
2023-12-11,Riders of Justice,2020,https://boxd.it/oHQc
2023-12-11,A Walk to Remember,2002,https://boxd.it/1WLq
2023-12-11,The Virgin Suicides,1999,https://boxd.it/28JG
2023-12-11,V for Vendetta,2005,https://boxd.it/29Ik
2023-12-11,Snatch,2000,https://boxd.it/2b7U
2023-12-11,War of the Worlds,2005,https://boxd.it/2bde
2023-12-11,Wild Tales,2014,https://boxd.it/7UmK
2023-12-11,The Wizard of Lies,2017,https://boxd.it/cB7m
2023-12-11,The Favourite,2018,https://boxd.it/d2hI
2023-12-11,Bombshell,2019,https://boxd.it/j5YC
2023-12-11,1917,2019,https://boxd.it/jj4y
2023-12-11,Margin Call,2011,https://boxd.it/CJ8
2023-12-11,Autumn Sonata,1978,https://boxd.it/1Rio
2023-12-11,Cries and Whispers,1972,https://boxd.it/1WK8
2023-12-11,The Aviator,2004,https://boxd.it/26BU
2023-12-11,Elysium,2013,https://boxd.it/2cBm
2023-12-11,World War Z,2013,https://boxd.it/2p2E
2023-12-11,Anna Karenina,2012,https://boxd.it/3lyy
2023-12-11,The Burnt Orange Heresy,2019,https://boxd.it/kMMc
2023-12-22,X-Men: First Class,2011,https://boxd.it/FOA
2023-12-22,The Tourist,2010,https://boxd.it/17Hs
2023-12-22,X-Men: The Last Stand,2006,https://boxd.it/1a5Q
2023-12-22,X2,2003,https://boxd.it/1a7i
2023-12-22,X-Men,2000,https://boxd.it/1a7s
2023-12-22,The Road to El Dorado,2000,https://boxd.it/1W6s
2023-12-22,X-Men Origins: Wolverine,2009,https://boxd.it/27ug
2023-12-22,The Talented Mr. Ripley,1999,https://boxd.it/2924
2023-12-22,Terminator 3: Rise of the Machines,2003,https://boxd.it/2aES
2023-12-22,Terminator 2: Judgment Day,1991,https://boxd.it/2aGY
2023-12-22,The Terminator,1984,https://boxd.it/2aQY
2023-12-22,Ted,2012,https://boxd.it/2pgc
2023-12-22,The Wolverine,2013,https://boxd.it/2CWU
2023-12-22,X-Men: Days of Future Past,2014,https://boxd.it/4aRw
2023-12-22,The Spectacular Now,2013,https://boxd.it/4VSG
2023-12-22,X-Men: Apocalypse,2016,https://boxd.it/7eJi
2023-12-22,Baywatch,2017,https://boxd.it/biG6
2023-12-22,Top Gun: Maverick,2022,https://boxd.it/cjr4
2023-12-22,Heart Blackened,2017,https://boxd.it/fwb0
2023-12-22,Passages,2023,https://boxd.it/xX9c
2023-12-22,Anatomy of a Fall,2023,https://boxd.it/yuDE
2023-12-22,Pirates of the Caribbean: The Curse of the Black Pearl,2003,https://boxd.it/70G
2023-12-22,Johnny English Reborn,2011,https://boxd.it/kQq
2023-12-22,Project X,2012,https://boxd.it/neO
2023-12-22,Kronk's New Groove,2005,https://boxd.it/1Qd8
2023-12-22,The Hurt Locker,2008,https://boxd.it/1Soi
2023-12-22,The Notebook,2004,https://boxd.it/1UNE
2023-12-22,The Prince of Egypt,1998,https://boxd.it/1XGQ
2023-12-22,Johnny English,2003,https://boxd.it/1YyI
2023-12-22,Ratatouille,2007,https://boxd.it/27ww
2023-12-22,Pirates of the Caribbean: On Stranger Tides,2011,https://boxd.it/27Z4
2023-12-22,The Pursuit of Happyness,2006,https://boxd.it/28PE
2023-12-22,Mr. & Mrs. Smith,2005,https://boxd.it/29CG
2023-12-22,Good Will Hunting,1997,https://boxd.it/2ahY
2023-12-22,The Pianist,2002,https://boxd.it/2aqc
2023-12-22,Pirates of the Caribbean: At World's End,2007,https://boxd.it/2aGu
2023-12-22,Scarface,1983,https://boxd.it/2b7g
2023-12-22,Pirates of the Caribbean: Dead Man's Chest,2006,https://boxd.it/2bfk
2023-12-22,Prisoners,2013,https://boxd.it/4E5i
2023-12-22,Pirates of the Caribbean: Dead Men Tell No Tales,2017,https://boxd.it/5a9m
2023-12-22,mother!,2017,https://boxd.it/dgRU
2023-12-22,Johnny English Strikes Again,2018,https://boxd.it/gzGW
2023-12-22,Contagion,2011,https://boxd.it/13rq
2023-12-22,The Emperor's New Groove,2000,https://boxd.it/1Tey
2023-12-22,Lilo & Stitch,2002,https://boxd.it/1TAY
2023-12-22,I Am Sam,2001,https://boxd.it/1V04
2023-12-22,Dr. Dolittle 2,2001,https://boxd.it/1Vlm
2023-12-22,The Chronicles of Narnia: The Voyage of the Dawn Treader,2010,https://boxd.it/1WZs
2023-12-22,Taken,2008,https://boxd.it/1ZXa
2023-12-22,Doctor Dolittle,1998,https://boxd.it/25RM
2023-12-22,The Chronicles of Narnia: Prince Caspian,2008,https://boxd.it/26Hy
2023-12-22,Lara Croft: Tomb Raider – The Cradle of Life,2003,https://boxd.it/27FS
2023-12-22,Lara Croft: Tomb Raider,2001,https://boxd.it/27G2
2023-12-22,The Da Vinci Code,2006,https://boxd.it/2a3i
2023-12-22,The Day After Tomorrow,2004,https://boxd.it/2aog
2023-12-22,Jurassic Park,1993,https://boxd.it/2aA2
2023-12-22,Batman Begins,2005,https://boxd.it/2aIg
2023-12-22,A Clockwork Orange,1971,https://boxd.it/2aVE
2023-12-22,The Conjuring,2013,https://boxd.it/4sr2
2023-12-22,Blue Ruin,2013,https://boxd.it/5H8G
2023-12-22,Incredibles 2,2018,https://boxd.it/7IPg
2023-12-22,The Martian,2015,https://boxd.it/8SeG
2023-12-22,Coco,2017,https://boxd.it/bYJQ
2023-12-22,Guy Ritchie's The Covenant,2023,https://boxd.it/xjcK
2023-12-22,Mission: Impossible – Ghost Protocol,2011,https://boxd.it/psI
2023-12-22,The Social Network,2010,https://boxd.it/17ue
2023-12-22,Easy A,2010,https://boxd.it/17DK
2023-12-22,The Sacrifice,1986,https://boxd.it/1xg8
2023-12-22,Toy Story 3,2010,https://boxd.it/1WRe
2023-12-22,The Exorcist,1973,https://boxd.it/1Yoo
2023-12-22,The Punisher,2004,https://boxd.it/217g
2023-12-22,The Mummy Returns,2001,https://boxd.it/28cs
2023-12-22,Eraserhead,1977,https://boxd.it/299u
2023-12-22,Mission: Impossible III,2006,https://boxd.it/29cI
2023-12-22,Mission: Impossible II,2000,https://boxd.it/29cS
2023-12-22,Mission: Impossible,1996,https://boxd.it/29d2
2023-12-22,Toy Story,1995,https://boxd.it/29qA
2023-12-22,Wild Strawberries,1957,https://boxd.it/29ZU
2023-12-22,The Mummy,1999,https://boxd.it/2a7a
2023-12-22,"The Chronicles of Narnia: The Lion, the Witch and the Wardrobe",2005,https://boxd.it/2ark
2023-12-22,Dead Poets Society,1989,https://boxd.it/2aSg
2023-12-22,Mission: Impossible – Rogue Nation,2015,https://boxd.it/5rI4
2023-12-22,The Perfect Dictatorship,2014,https://boxd.it/7SFg
2023-12-22,The Theory of Everything,2014,https://boxd.it/7YtA
2023-12-22,Thor: Ragnarok,2017,https://boxd.it/8MHi
2023-12-22,The Woman in Black,2012,https://boxd.it/4wu
2023-12-22,The Lincoln Lawyer,2011,https://boxd.it/DRM
2023-12-22,The Help,2011,https://boxd.it/EDm
2023-12-22,Insidious,2010,https://boxd.it/H4k
2023-12-22,Dear John,2010,https://boxd.it/1zO2
2023-12-22,Clueless,1995,https://boxd.it/1Ygk
2023-12-22,Thir13en Ghosts,2001,https://boxd.it/1YPO
2023-12-22,The Curious Case of Benjamin Button,2008,https://boxd.it/23Fk
2023-12-22,The Game,1997,https://boxd.it/26vC
2023-12-22,Star Wars: Episode II – Attack of the Clones,2002,https://boxd.it/27V2
2023-12-22,Fear and Loathing in Las Vegas,1998,https://boxd.it/27Xs
2023-12-22,Who Framed Roger Rabbit,1988,https://boxd.it/29ry
2023-12-22,Titanic,1997,https://boxd.it/2a2k
2023-12-22,King Kong,2005,https://boxd.it/2aLa
2023-12-22,Sin City,2005,https://boxd.it/2aVk
2023-12-22,Star Wars: The Last Jedi,2017,https://boxd.it/5xme
2023-12-22,Lucy,2014,https://boxd.it/75hu
2023-12-22,Mission: Impossible – Fallout,2018,https://boxd.it/bSVc
2023-12-22,The Girl with the Dragon Tattoo,2011,https://boxd.it/2Pa
2023-12-22,Star Wars,1977,https://boxd.it/72s
2023-12-22,Brother Bear 2,2006,https://boxd.it/1Xji
2023-12-22,Brother Bear,2003,https://boxd.it/1Xjs
2023-12-22,A Bug's Life,1998,https://boxd.it/1Yyy
2023-12-22,"I, Robot",2004,https://boxd.it/27y8
2023-12-22,The Butterfly Effect,2004,https://boxd.it/27M0
2023-12-22,Zodiac,2007,https://boxd.it/27MO
2023-12-22,Star Wars: Episode III – Revenge of the Sith,2005,https://boxd.it/27US
2023-12-22,Star Wars: Episode I – The Phantom Menace,1999,https://boxd.it/27Vc
2023-12-22,Return of the Jedi,1983,https://boxd.it/27Vm
2023-12-22,The Empire Strikes Back,1980,https://boxd.it/27Vw
2023-12-22,Captain America: The First Avenger,2011,https://boxd.it/28b0
2023-12-22,Secret Window,2004,https://boxd.it/28xq
2023-12-22,The Sixth Sense,1999,https://boxd.it/29Js
2023-12-22,Catch Me If You Can,2002,https://boxd.it/29VS
2023-12-22,Warm Bodies,2013,https://boxd.it/2TFm
2023-12-22,Captain America: The Winter Soldier,2014,https://boxd.it/3r58
2023-12-22,Star Wars: The Force Awakens,2015,https://boxd.it/4vru
2023-12-22,Gone Girl,2014,https://boxd.it/6hQu
2023-12-22,I Origins,2014,https://boxd.it/7aRM
2023-12-22,Captain America: Civil War,2016,https://boxd.it/89Ja
2023-12-22,Free Solo,2018,https://boxd.it/iEEq
2023-12-22,The Blind Side,2009,https://boxd.it/1zWg
2023-12-22,The Road,2009,https://boxd.it/1CWI
2023-12-22,No Country for Old Men,2007,https://boxd.it/21ew
2023-12-22,Bambi,1942,https://boxd.it/25AQ
2023-12-22,Y Tu Mamá También,2001,https://boxd.it/28QM
2023-12-22,Babel,2006,https://boxd.it/292o
2023-12-22,A Beautiful Mind,2001,https://boxd.it/2amk
2023-12-22,Batman & Robin,1997,https://boxd.it/2ar0
2023-12-22,Batman Forever,1995,https://boxd.it/2ara
2023-12-22,Batman Returns,1992,https://boxd.it/2awa
2023-12-22,Batman,1989,https://boxd.it/2aIU
2023-12-22,The Godfather,1972,https://boxd.it/2aNK
2023-12-22,Back to the Future Part III,1990,https://boxd.it/2aTS
2023-12-22,Back to the Future Part II,1989,https://boxd.it/2aYI
2023-12-22,The Big Lebowski,1998,https://boxd.it/2b6C
2023-12-22,Back to the Future,1985,https://boxd.it/2b8e
2023-12-22,Short Term 12,2013,https://boxd.it/5f6s
2023-12-22,Black Panther,2018,https://boxd.it/8MHs
2023-12-22,Burning,2018,https://boxd.it/hHUa
2023-12-22,Triangle of Sadness,2022,https://boxd.it/hXlq
2023-12-22,The Guilty,2021,https://boxd.it/kOPW
2023-12-22,Men in Black 3,2012,https://boxd.it/103U
2023-12-22,The Avengers,2012,https://boxd.it/1xFW
2023-12-22,TRON: Legacy,2010,https://boxd.it/1Dlo
2023-12-22,Hannibal,2001,https://boxd.it/1XVc
2023-12-22,Red Dragon,2002,https://boxd.it/1Yrs
2023-12-22,The Addams Family,1991,https://boxd.it/267g
2023-12-22,American Psycho,2000,https://boxd.it/28Vs
2023-12-22,Hannibal Rising,2007,https://boxd.it/2916
2023-12-22,Men in Black II,2002,https://boxd.it/2a0y
2023-12-22,Men in Black,1997,https://boxd.it/2a0I
2023-12-22,The Matrix Revolutions,2003,https://boxd.it/2a12
2023-12-22,The Matrix Reloaded,2003,https://boxd.it/2a1c
2023-12-22,The Matrix,1999,https://boxd.it/2a1m
2023-12-22,Amores Perros,2000,https://boxd.it/2bfu
2023-12-22,Argo,2012,https://boxd.it/2czU
2023-12-22,Mad Max: Fury Road,2015,https://boxd.it/2DjO
2023-12-22,Avengers: Age of Ultron,2015,https://boxd.it/3qi6
2023-12-22,John Wick,2014,https://boxd.it/7dEc
2023-12-22,The Treatment,2014,https://boxd.it/7mRY
2023-12-22,Avengers: Infinity War,2018,https://boxd.it/9vEe
2023-12-22,John Wick: Chapter 2,2017,https://boxd.it/ayGu
2023-12-22,John Wick: Chapter 3 – Parabellum,2019,https://boxd.it/gmFw
2023-12-22,28 Weeks Later,2007,https://boxd.it/28Bi
2023-12-22,Aladdin,1992,https://boxd.it/29yE
2023-12-22,21 Grams,2003,https://boxd.it/2ajK
2023-12-22,The Silence of the Lambs,1991,https://boxd.it/2aHW
2023-12-22,28 Days Later,2002,https://boxd.it/2aXU
2023-12-22,12 Years a Slave,2013,https://boxd.it/2D2e
2023-12-22,Compliance,2012,https://boxd.it/2XNE
2023-12-22,Side Effects,2013,https://boxd.it/3GA6
2023-12-22,Room,2015,https://boxd.it/7T0y
2023-12-22,The Revenant,2015,https://boxd.it/8H5e
2023-12-22,The Big Short,2015,https://boxd.it/ajZw
2023-12-22,Manchester by the Sea,2016,https://boxd.it/b2L0
2023-12-22,No Time to Die,2021,https://boxd.it/cPX2
2023-12-22,Molly's Game,2017,https://boxd.it/dSl8
2023-12-22,No One Will Save You,2023,https://boxd.it/uUO6
2023-12-22,The Five Devils,2022,https://boxd.it/uVsA
2023-12-22,The King's Speech,2010,https://boxd.it/dX0
2023-12-22,Skyfall,2012,https://boxd.it/17Fc
2023-12-22,Die Another Day,2002,https://boxd.it/1a5G
2023-12-22,Casino Royale,2006,https://boxd.it/1alk
2023-12-22,Quantum of Solace,2008,https://boxd.it/1Vs8
2023-12-22,The Iron Giant,1999,https://boxd.it/1Wow
2023-12-22,The Italian Job,2003,https://boxd.it/1Y86
2023-12-22,Into the Wild,2007,https://boxd.it/22m2
2023-12-22,The Bourne Ultimatum,2007,https://boxd.it/26Eu
2023-12-22,The Bourne Supremacy,2004,https://boxd.it/26EE
2023-12-22,The Bourne Identity,2002,https://boxd.it/26EO
2023-12-22,Indiana Jones and the Kingdom of the Crystal Skull,2008,https://boxd.it/2aR8
2023-12-22,Indiana Jones and the Last Crusade,1989,https://boxd.it/2baO
2023-12-22,Indiana Jones and the Temple of Doom,1984,https://boxd.it/2bb8
2023-12-22,Raiders of the Lost Ark,1981,https://boxd.it/2bbs
2023-12-22,Filth,2013,https://boxd.it/32NY
2023-12-22,Spectre,2015,https://boxd.it/6bXY
2023-12-22,Killers of the Flower Moon,2023,https://boxd.it/gHp0
2023-12-22,Enola Holmes,2020,https://boxd.it/hX2o
2023-12-22,Greyhound,2020,https://boxd.it/iIaE
2023-12-22,Fried Barry,2020,https://boxd.it/qVtK
2023-12-22,Leave the World Behind,2023,https://boxd.it/re0i
2023-12-22,Birth/Rebirth,2023,https://boxd.it/E34E
2023-12-22,The Choice,2016,https://boxd.it/aPyC
2023-12-22,The Equalizer 3,2023,https://boxd.it/yU54
2023-12-22,Sanctuary,2022,https://boxd.it/wPKW
2023-12-22,Arctic,2018,https://boxd.it/gc1Q
2023-12-22,Revenge,2017,https://boxd.it/gL9g
2023-12-23,The Handmaiden,2016,https://boxd.it/948A
2023-12-23,Maniac,2018,https://boxd.it/jX9y
2023-12-23,Her,2013,https://boxd.it/4O24
2023-12-23,Juno,2007,https://boxd.it/210a
2023-12-23,Star Wars: The Rise of Skywalker,2019,https://boxd.it/5xlK
2023-12-23,Ghost Rider,2007,https://boxd.it/290M
2023-12-23,Spring Breakers,2012,https://boxd.it/421s
2023-12-24,The Wailing,2016,https://boxd.it/9fLy
2023-12-24,Children of Men,2006,https://boxd.it/1Y2i
2023-12-24,The North Water,2021,https://boxd.it/q0nq
2023-12-24,Chernobyl,2019,https://boxd.it/mkbG
2023-12-24,I Saw the Devil,2010,https://boxd.it/FaK
2023-12-25,Decision to Leave,2022,https://boxd.it/qp9e
2023-12-25,Portrait of a Lady on Fire,2019,https://boxd.it/jkPq
2023-12-26,Leviathan,2014,https://boxd.it/7Ub8
2023-12-26,Incendies,2010,https://boxd.it/Msm
2023-12-27,I Know This Much Is True,2020,https://boxd.it/pVeo
2023-12-27,The Young Pope,2016,https://boxd.it/g3y2
2023-12-27,Oldboy,2003,https://boxd.it/29R2
2023-12-27,Sick of Myself,2022,https://boxd.it/tEzs
2023-12-28,Twin Peaks: The Return,2017,https://boxd.it/hN9O
2023-12-28,A Separation,2011,https://boxd.it/gvo
2023-12-29,The Void,2016,https://boxd.it/d93S
2023-12-29,Irma Vep,2022,https://boxd.it/BbgC
2023-12-29,Les Misérables,2012,https://boxd.it/2TT4
2023-12-29,Les Misérables,2018,https://boxd.it/hTKm
2023-12-29,Mare of Easttown,2021,https://boxd.it/u2h8
2023-12-29,The Night Of,2016,https://boxd.it/eC1I
2023-12-29,Nine Perfect Strangers,2021,https://boxd.it/vEFY
2023-12-29,The Playlist,2022,https://boxd.it/DaoE
2023-12-29,The Queen's Gambit,2020,https://boxd.it/s1Ym
2023-12-29,Quicksand,2019,https://boxd.it/zLDe
2023-12-29,Scenes from a Marriage,2021,https://boxd.it/wzSU
2023-12-29,Sharp Objects,2018,https://boxd.it/j3NM
2023-12-29,Swarm,2023,https://boxd.it/FIFe
2023-12-29,Wild Wild Country,2018,https://boxd.it/j1P2
2023-12-29,Years and Years,2019,https://boxd.it/meLI
2023-12-29,Your Honor,2020,https://boxd.it/sBBe
2023-12-29,ZeroZeroZero,2020,https://boxd.it/pLDe
2023-12-29,The Haunting of Hill House,2018,https://boxd.it/kfJ0
2023-12-29,The Tourist,2022,https://boxd.it/yNci
2023-12-29,The Fall of the House of Usher,2023,https://boxd.it/IWYg
2023-12-29,Drops of God,2023,https://boxd.it/GY3M
2023-12-29,The Dropout,2022,https://boxd.it/zilg
2023-12-29,The Devil's Hour,2022,https://boxd.it/DxFS
2023-12-29,Daisy Jones & the Six,2023,https://boxd.it/FmyA
2023-12-29,Caliphate,2020,https://boxd.it/q7vG
2023-12-29,Bodyguard,2018,https://boxd.it/vC2U
2023-12-29,Black Bird,2022,https://boxd.it/BCSe
2023-12-29,BEEF,2023,https://boxd.it/FPsm
2023-12-30,Kick-Ass,2010,https://boxd.it/1zaQ
2023-12-30,Mommy,2014,https://boxd.it/7Uau
2024-01-02,127 Hours,2010,https://boxd.it/SLa
2024-02-04,Red Rooms,2023,https://boxd.it/ym4c
2024-02-04,The Worst Person in the World,2021,https://boxd.it/oyws
2024-02-05,Dream Scenario,2023,https://boxd.it/v2h0
2024-02-06,A Woman Under the Influence,1974,https://boxd.it/1myg
2024-02-13,The Curse,2023,https://boxd.it/IWYq
2024-06-10,Civil War,2024,https://boxd.it/z1jW
2024-08-13,Under the Skin,2013,https://boxd.it/3mDa
2024-11-10,The Substance,2024,https://boxd.it/zanS
2024-11-10,Late Night with the Devil,2023,https://boxd.it/zo6G
2024-11-11,How to Have Sex,2023,https://boxd.it/EFIM
2024-11-16,Threads,1984,https://boxd.it/1I0g
2024-11-17,Longlegs,2024,https://boxd.it/KzLM
2024-11-17,A Girl Walks Home Alone at Night,2014,https://boxd.it/7nZE
2024-11-20,Melancholia,2011,https://boxd.it/bPI
2024-11-20,Euphoria: Trouble Don't Last Always,2020,https://boxd.it/ta4a
2024-11-20,Pearl,2022,https://boxd.it/zPbe
2024-11-22,Dune: Part Two,2024,https://boxd.it/pUfA
2024-12-13,Oddity,2024,https://boxd.it/K9pg
2024-12-25,Juror #2,2024,https://boxd.it/FRwU
2024-12-25,Poor Things,2023,https://boxd.it/tNWU
2024-12-25,Saltburn,2023,https://boxd.it/z4eg
2024-12-25,American Fiction,2023,https://boxd.it/DYHm
2024-12-27,First Reformed,2017,https://boxd.it/go9C
2024-12-27,The Best Exotic Marigold Hotel,2011,https://boxd.it/2AJu
2025-01-04,Anora,2024,https://boxd.it/Egcw
2025-01-05,Hour of the Wolf,1968,https://boxd.it/1H9G
2025-01-05,Woman of the Hour,2023,https://boxd.it/vuz2
2025-01-06,Caché,2005,https://boxd.it/2amY
2025-01-07,Ivan's Childhood,1962,https://boxd.it/1j6y
2025-01-24,Before Sunrise,1995,https://boxd.it/2bcU
2025-01-24,Before Sunset,2004,https://boxd.it/2bcg
2025-01-26,Conclave,2024,https://boxd.it/AO8q
2025-01-27,Alice in the Cities,1974,https://boxd.it/27cG
2025-01-27,Au Hasard Balthazar,1966,https://boxd.it/1E3g
2025-02-16,Disclaimer,2024,https://boxd.it/PDv4
